0.05,1007,1009,2.60183654717,0.339973032541
0.05,1007,1186,1.86730783385,0.434915754548
0.05,1007,814,2.04939648882,0.420002361971
0.05,1009,1007,2.53816588051,0.412837770064
0.05,1009,1122,2.10425057862,0.451725007288
0.05,1009,1124,1.9273376267,0.403462537361
0.05,1009,982,2.70330503509,0.372693136149
0.05,1010,827,1.98627846444,0.702508356122
0.05,1013,1211,1.97469644434,0.492262194007
0.05,1013,792,2.37131799959,0.670287150591
0.05,1015,1056,2.52979867066,0.463411624689
0.05,1016,1150,2.07383086341,0.351909204782
0.05,1016,895,2.06794180204,0.508775147078
0.05,1016,920,2.07486066143,0.30540194686
0.05,101,231,3.46379965343,0.62649155981
0.05,101,307,2.12033235893,0.322044618962
0.05,101,923,2.6415089092,0.423776304878
0.05,1020,1145,1.06972485244,0.489301815308
0.05,1020,1170,1.65021235293,0.482749378356
0.05,1020,806,1.37704837993,0.536677990756
0.05,1027,842,0.888944044272,0.689432681667
0.05,1027,887,3.14219618285,0.893010226949
0.05,1028,1145,1.46091028185,0.420297159693
0.05,1028,772,1.61695718303,0.458835618286
0.05,1028,818,1.35640713089,0.481510723247
0.05,1030,1046,1.67391131033,0.381961106338
0.05,1030,1203,1.37336410382,0.510153771496
0.05,1030,1215,1.54374264284,0.444369566279
0.05,1030,860,1.67702477555,0.427598789552
0.05,1031,1049,2.4499038946,0.696697464848
0.05,1031,1232,2.78106382531,0.957014583292
0.05,1031,824,2.32869650309,0.446757155168
0.05,1032,1068,1.89034910051,0.501989099355
0.05,1032,796,2.0253106658,0.447777431275
0.05,1032,838,1.71453294022,0.379363224735
0.05,1032,903,2.35240149778,0.435374090751
0.05,1036,1151,2.41901392308,0.56096592939
0.05,1036,987,2.54861086858,0.445340987945
0.05,1036,989,2.92725127607,0.477581460921
0.05,1041,827,2.69792482939,0.542985851863
0.05,1041,847,3.04502053141,0.599510848018
0.05,1044,1107,1.66421919198,0.586599368575
0.05,1044,778,1.95875408134,0.448307301965
0.05,1045,1218,2.00118847804,0.351346970282
0.05,1045,844,1.24559500149,0.514891676454
0.05,1045,869,2.36075909305,0.514078741171
0.05,1046,1030,1.75385068557,0.451849941133
0.05,1046,1069,1.81758498192,0.584112505766
0.05,1046,1111,1.60388220067,0.447642620152
0.05,1046,869,1.30880403925,0.479524608671
0.05,1049,1031,2.71708608207,0.940219983812
0.05,1049,1231,2.027736111,0.833685774913
0.05,1056,1015,2.47042591404,0.853907015095
0.05,1056,1179,2.33851176626,0.853112456911
0.05,1056,942,1.87330001326,0.680061253869
0.05,1059,1125,0.870671210839,0.396905171224
0.05,1059,1213,-0.0780691429974,0.694646777574
0.05,105,157,1.82090249222,0.368872092979
0.05,105,249,2.4611357787,0.30168395004
0.05,105,34,2.45707500882,0.912674321003
0.05,1061,1062,2.26331783289,0.559271528694
0.05,1061,1185,2.11261812646,0.438722412321
0.05,1061,937,2.72177085191,0.375510455761
0.05,1062,1061,2.17549665259,0.567219676564
0.05,1062,1150,1.32602866516,0.3773615338
0.05,1062,974,1.27113162653,0.474304744695
0.05,1066,1170,1.05256009983,0.498012856776
0.05,1066,1213,1.44092536267,0.663052423524
0.05,1066,923,2.23603759872,0.590861390812
0.05,1068,1032,1.81438103609,0.433386468146
0.05,1068,834,0.963450987363,0.459017126211
0.05,1068,883,1.19766373959,0.546802908051
0.05,1069,1046,1.83800504849,0.462996927157
0.05,1069,860,1.51237897339,0.45780377949
0.05,1069,970,1.97718233533,0.5264432004
0.05,1072,1137,2.78282059199,0.374914952975
0.05,1072,271,2.21212529156,0.45894030874
0.05,1073,1151,2.8475503962,0.572748963442
0.05,1073,1185,2.04847212141,0.405402899268
0.05,1073,987,2.36880588878,0.452566928226
0.05,1075,1099,1.60022435394,1.00965667954
0.05,1075,1157,0.707393651095,1.19794449241
0.05,1075,1159,2.16778423017,0.335044743584
0.05,107,131,1.83011877717,0.515959618607
0.05,107,27,3.29714383043,0.533822986396
0.05,107,46,2.19311883946,0.579488056905
0.05,1082,1127,-1.65412482214,0.780465620614
0.05,1082,796,1.3487678033,0.716326716697
0.05,1082,838,2.18121479913,0.448531981977
0.05,1082,900,2.13096776717,0.438307137944
0.05,1099,1075,1.52382318896,1.21206992847
0.05,1099,1157,-0.773018743831,1.12418859605
0.05,1101,900,3.14632703438,0.654751710218
0.05,1101,996,3.5645510134,1.19460069527
0.05,1104,1145,2.61956326341,0.365330206068
0.05,1104,1209,1.78640880598,0.377396949042
0.05,1104,121,1.9388512963,0.479807780269
0.05,1104,12,1.79753011473,0.314800014222
0.05,1104,1209,1.84408830392,0.410766535836
0.05,1104,121,1.91322578055,0.452194764639
0.05,1105,1164,2.44058839961,1.03636378573
0.05,1107,1044,2.15368280869,0.671553280168
0.05,1107,791,1.78915219218,0.81197142137
0.05,1107,852,2.01597281785,0.689318227345
0.05,1111,1046,1.60483370533,0.407456232827
0.05,1111,1215,1.6624318771,0.401966368464
0.05,1111,844,1.66801650169,0.560460932862
0.05,1113,1160,1.84859498516,0.669882974011
0.05,1113,906,2.27568848111,0.80054391888
0.05,1114,809,2.24785627601,0.279897293131
0.05,1114,993,2.46855745596,0.22548388948
0.05,1115,263,2.56142232549,0.448821048232
0.05,1115,842,2.28993800801,0.498308908904
0.05,1115,989,3.28748560837,0.591613347731
0.05,1122,1009,2.16517709214,0.401364564103
0.05,1122,1186,2.57108653701,0.617981489807
0.05,1122,804,2.77654783492,0.349455023802
0.05,1124,1009,1.93802435961,0.401144659016
0.05,1124,1135,2.69700232143,0.36182888997
0.05,1124,1191,1.95703356563,0.41189278365
0.05,1125,1059,1.19346562544,0.598857359432
0.05,1127,1082,-1.66597585745,0.631019537384
0.05,1127,967,1.4998393004,0.602758735574
0.05,1127,988,1.24725924059,0.573085840107
0.05,1128,833,1.77960137303,0.385165463813
0.05,1128,883,2.50754719037,0.440855022596
0.05,1128,903,1.66778162123,0.381046521944
0.05,1133,1177,2.62062287372,0.892536235604
0.05,1133,1182,-1.13141583486,0.488387857389
0.05,1133,960,1.7441751607,0.407836975599
0.05,1135,1124,2.72492689292,0.358945110393
0.05,1135,927,1.69332085317,0.548905899013
0.05,1135,955,1.39950237676,0.320098096587
0.05,1135,982,2.32407146045,0.411492302248
0.05,1137,1072,2.84433121915,0.580802648389
0.05,1137,1303,2.65980821226,0.433408896982
0.05,1137,25,2.93399329989,0.580269194757
0.05,1137,871,2.37998672747,0.849435772409
0.05,1139,1160,2.90568997475,0.271103953605
0.05,1139,909,1.98425154286,0.255030957148
0.05,1141,1164,2.05350484968,0.775223528407
0.05,1141,821,1.79628518022,0.570710952794
0.05,1141,918,2.27685415809,0.590411580176
0.05,1145,1020,1.15078495535,0.411557827773
0.05,1145,1028,1.532282191,0.498602289689
0.05,1145,1104,2.4947506047,0.306417242833
0.05,1145,1207,1.03060160725,0.326479889736
0.05,114,285,1.45996129662,0.243502426884
0.05,114,322,1.81523211039,0.475669050879
0.05,114,69,1.72797128578,0.268690124978
0.05,1150,1016,2.25984148703,0.489460899405
0.05,1150,1062,1.24697801896,0.440914066115
0.05,1151,1036,2.48544980435,0.473615427013
0.05,1151,1073,3.1790638718,0.999325053184
0.05,1151,1232,2.49055525262,0.643202648934
0.05,1154,1010,2.21345841307,0.498261175074
0.05,1154,873,2.98558121438,0.993237397744
0.05,1154,967,2.45314644727,0.695036311892
0.05,1157,1075,-0.0884849162639,0.86655441482
0.05,1157,1099,-0.857822485982,1.29177229486
0.05,1157,809,2.96379105418,0.925670975239
0.05,1157,901,2.09285748529,0.754236255985
0.05,1158,233,2.13104359139,0.455486992528
0.05,1158,371,1.68944307063,0.420981330054
0.05,1159,1075,3.14100836714,1.09849606349
0.05,1159,763,-1.96454920462,0.0956282093613
0.05,115,149,1.81594846386,0.451872951674
0.05,115,240,1.36677923909,0.505804139884
0.05,115,448,1.56295667573,0.805874469205
0.05,1160,1113,1.92404190581,0.697724333644
0.05,1160,1139,3.0370422579,0.245944441664
0.05,1160,847,2.00651599359,0.562416216844
0.05,1162,1211,2.24689356537,0.506350689781
0.05,1162,792,2.07689518286,0.401939296473
0.05,1162,994,2.1922100052,0.435835185317
0.05,1164,1105,1.87994343638,0.510374421657
0.05,1164,1141,2.16135426168,0.73333402905
0.05,1164,822,2.21715499235,0.840348106353
0.05,1170,1020,1.45481230789,0.493080268939
0.05,1170,1066,1.15150261041,0.460471388773
0.05,1170,915,2.11530160436,0.429519441879
0.05,1170,959,1.1240053089,0.550889609924
0.05,1177,1133,2.70292716368,0.838242060368
0.05,1177,969,3.344056532,0.729743571335
0.05,1177,997,1.90604981681,0.257808950711
0.05,1179,1056,2.43530560141,1.02649378083
0.05,117,132,3.4240888933,0.22375689986
0.05,117,219,2.09728045466,0.477715060367
0.05,117,333,1.21011498565,0.533016688893
0.05,117,97,2.78932382282,0.19327684283
0.05,1182,1133,-1.15768019326,1.08088036384
0.05,1182,822,1.89329488908,0.322686390332
0.05,1185,1061,2.11191842051,0.465133202064
0.05,1185,1073,1.97467298459,0.411586486018
0.05,1185,777,2.12481720561,0.385675740515
0.05,1186,1007,1.82390678022,0.401308045095
0.05,1186,1122,2.63249682307,0.527631694467
0.05,1186,792,2.34088285103,0.526703157537
0.05,1189,887,1.55961697547,0.69751410122
0.05,1189,987,2.43046007857,0.537587167731
0.05,1191,1124,1.95246051842,0.460618093889
0.05,1191,1218,1.67028494844,0.397210974636
0.05,1191,867,1.94799587685,0.438078041543
0.05,1191,973,2.05487573834,0.396977287685
0.05,119,258,2.7651630219,0.296526646636
0.05,119,367,2.50277090696,0.310603186886
0.05,1203,1030,0.993677819806,0.420859433486
0.05,1203,772,1.20630480522,0.444746471732
0.05,1203,790,1.88844056266,0.433906620748
0.05,1203,818,1.68797737861,0.593157880578
0.05,1207,1145,1.12425364652,0.478630656772
0.05,1207,799,0.823685905397,0.506713644235
0.05,1207,806,1.31291781545,0.661824916086
0.05,1207,818,1.82544355008,0.500368955423
0.05,1209,1104,2.02766236797,0.488572936779
0.05,1209,1222,2.22043913412,0.368548365065
0.05,1209,324,1.76825887546,0.349567952085
0.05,120,62,1.70681239654,0.474900970834
0.05,120,89,1.62740988972,0.497171570523
0.05,1211,1013,1.93297309766,0.362921151148
0.05,1211,1162,2.22530381127,0.74798621459
0.05,1213,1059,-0.0623338930443,0.808511481397
0.05,1213,1066,1.32941156994,0.660280425344
0.05,1213,888,2.19515762218,0.460415936454
0.05,1213,959,1.49920851979,0.563520046724
0.05,1215,1030,1.68102452618,0.437418214478
0.05,1215,1111,1.35854069108,0.347495424326
0.05,1215,799,1.64370438002,0.543123787584
0.05,1215,818,0.810012124901,0.324390603719
0.05,1218,1045,2.02133336848,0.433157040239
0.05,1218,1191,1.67276451008,0.404718084781
0.05,1218,986,2.13700586494,0.445183776825
0.05,121,1104,1.93853299134,0.535655995139
0.05,121,307,1.95751625925,0.478135350272
0.05,121,915,1.74544146593,0.41903285344
0.05,1222,1209,2.42177516765,0.517716308219
0.05,1222,233,1.89840137946,0.489754303073
0.05,1222,886,2.24508806553,0.52884778703
0.05,1229,895,1.87151108547,0.680175026997
0.05,1229,987,2.85772701953,0.502183198998
0.05,1230,989,1.98730830334,0.265202018479
0.05,1231,1049,2.61358453812,1.32411730144
0.05,1232,1031,2.3304173345,0.578133906539
0.05,1232,1151,2.59946494385,0.68356085111
0.05,1232,901,2.43091047589,0.751296478207
0.05,1233,819,1.79805530213,0.476639314785
0.05,1233,820,1.69405972032,0.509313813653
0.05,1233,886,1.57249872548,0.561224170798
0.05,1234,1367,2.28680110232,0.494461155853
0.05,1234,1373,2.41684864879,0.443313609148
0.05,1235,1247,2.84003741587,0.318835010124
0.05,1235,1288,2.84836555028,0.486679623253
0.05,1235,1325,2.9752378212,0.620238118632
0.05,1236,1267,1.77951267303,0.25001819327
0.05,1236,1287,2.42132613431,1.03829219749
0.05,1237,1246,2.81475574506,0.732238634164
0.05,1237,1386,1.8998610019,0.305316257873
0.05,1239,1341,2.3757144435,0.348921001006
0.05,1239,1343,1.9982453936,0.594411174066
0.05,1239,1385,2.59318048024,0.367998993184
0.05,123,238,1.77872216515,0.518697880821
0.05,123,257,2.19746215682,0.420952354554
0.05,123,436,2.34118041826,0.478724508119
0.05,1240,1310,1.87644663424,0.345143255123
0.05,1240,1344,1.70561748915,0.399321713152
0.05,1240,1377,1.99040973567,0.256603960535
0.05,1243,1267,1.34310365335,0.165841827896
0.05,1243,1312,1.7132132713,0.154094814544
0.05,1244,1274,1.90867850564,0.324123991014
0.05,1244,1322,1.65353776837,0.292600290063
0.05,1244,1340,2.07248477469,0.272495368415
0.05,1245,1280,1.81175856434,0.334642241626
0.05,1245,1291,2.742704744,0.602666288338
0.05,1245,1365,1.75942366386,0.464149311862
0.05,1246,1237,2.60786351897,0.307980613445
0.05,1246,1372,2.06405942796,0.501779512665
0.05,1247,1235,2.93591621675,0.473192961621
0.05,1247,1261,2.15126561063,0.422621503653
0.05,1247,1332,3.10298908167,0.673087920389
0.05,1247,1401,2.71487976208,0.405388177208
0.05,1248,1258,1.78030050857,0.280323795613
0.05,1249,1269,1.77785850142,0.35857785005
0.05,1249,1386,2.61265330869,0.198340990246
0.05,1250,1261,1.96637303558,0.533315465689
0.05,1250,1286,1.46880091804,0.459276560719
0.05,1250,1371,2.08847703417,0.389469896385
0.05,1251,1269,1.83069088558,0.457194356761
0.05,1251,1346,1.51514219725,0.391062341694
0.05,1253,1287,1.43488921663,0.477823873087
0.05,1253,1379,1.09746681664,0.341108361369
0.05,1254,1357,2.00738905163,0.600985885279
0.05,1254,1383,2.31433074164,0.655627188569
0.05,1254,1387,1.57193608214,0.47469781278
0.05,1254,1392,2.58866265014,0.478856236108
0.05,1257,1300,2.62066946625,0.292837102057
0.05,1257,1314,1.8274983628,0.315528836482
0.05,1257,1334,2.02337434975,0.319746886394
0.05,1257,1355,1.59890582299,0.3698612512
0.05,1260,1275,2.4769970344,0.400997449851
0.05,1260,1293,2.77559525633,0.318015986119
0.05,1260,1307,2.53328777341,0.327033235474
0.05,1260,1400,2.83746992852,0.416383132942
0.05,1261,1247,2.23620001736,0.454946997941
0.05,1261,1250,1.95430745728,0.538668699871
0.05,1261,1278,2.76816089598,0.372060574679
0.05,1261,1371,2.13970344043,0.383718355594
0.05,1262,1293,2.5966796489,0.343571501008
0.05,1264,1330,2.45069182788,0.348420662934
0.05,1264,1344,2.02298320556,0.47883465296
0.05,1264,1382,2.39278903879,0.48480469645
0.05,1264,1402,1.58647077036,0.531937701704
0.05,1265,1269,2.25938198903,0.361235976888
0.05,1265,1294,2.46409298985,0.335804574804
0.05,1265,1394,2.23950375821,0.38923026797
0.05,1265,1398,3.18504447936,0.278035648035
0.05,1266,1270,2.30195948679,0.396735080436
0.05,1266,1281,2.0709489654,0.568515892629
0.05,1266,1361,1.99053491694,0.319104854509
0.05,1267,1236,1.99280318778,0.500532474685
0.05,1267,1243,1.19557509537,0.111772631087
0.05,1268,1336,1.24330251524,0.4489153734
0.05,1268,1344,1.70260795504,0.434517922544
0.05,1268,1388,0.962911904587,0.512330487617
0.05,1269,1249,1.59828542065,0.317659800029
0.05,1269,1251,1.73095238026,0.501876529578
0.05,1269,1265,2.27620260286,0.384159342626
0.05,1269,1335,2.59624920301,0.299283106666
0.05,1270,1266,2.06376282541,0.297779962199
0.05,1270,1351,1.68524156518,0.309952668071
0.05,1271,1315,2.37348442508,0.511438211458
0.05,1272,1368,1.02095958217,0.45107463209
0.05,1272,1375,1.4739060474,0.515163890985
0.05,1273,1314,1.43249052508,0.399517840271
0.05,1274,1244,1.89112888296,0.244793604642
0.05,1274,1275,2.71927714055,0.368331043921
0.05,1274,1293,2.6768376628,0.480350014486
0.05,1275,1260,2.39225212071,0.404502562833
0.05,1275,1321,2.67582940478,0.247428099497
0.05,1276,1323,2.76685754771,0.164742852339
0.05,1276,1340,3.01265428822,0.248095056927
0.05,1277,1283,2.11451575983,0.301269016966
0.05,1277,1323,1.83392337636,0.420545423583
0.05,1278,1261,3.00536305018,0.510094706241
0.05,1278,1332,2.20298138192,0.436531697697
0.05,1279,1294,2.09182185583,0.416703274553
0.05,1279,1334,1.93662459713,0.323110352316
0.05,1279,1367,2.61486852929,0.475876373364
0.05,1279,1381,2.19240667973,0.304006064337
0.05,1280,1297,1.97834722279,0.434373082733
0.05,1281,1266,1.94184254761,0.47626955328
0.05,1282,1333,2.54449817207,0.391548623091
0.05,1282,1362,1.87744099734,0.370752415386
0.05,1282,1389,1.74501026369,0.383626617506
0.05,1282,1395,2.22715802131,0.397750235866
0.05,1283,1277,2.10849776787,0.405350454255
0.05,1284,1303,2.19509421857,0.517069061578
0.05,1284,1382,1.91338208471,0.46893178357
0.05,1284,1402,2.34857591576,0.402477898214
0.05,1284,871,2.74956358614,0.567337381623
0.05,1285,1342,2.57507158529,0.455429478525
0.05,1286,1250,1.44025617263,0.451124953589
0.05,1286,1292,2.88518727801,0.426758242212
0.05,1286,1353,3.10690379999,0.295920232783
0.05,1286,1367,2.65868457697,0.275385634666
0.05,1287,1236,1.89499180594,0.466273927765
0.05,1287,1253,1.4629047456,0.533713597557
0.05,1287,1357,2.38787102735,0.425087924085
0.05,1287,1392,2.02408337383,0.437051675146
0.05,1288,1235,3.24970337684,0.815950328071
0.05,1288,1401,3.35920094121,0.667849312621
0.05,128,172,2.96112480267,0.959636864982
0.05,128,268,2.69411952258,0.467317526494
0.05,128,463,2.56104263942,0.713706964072
0.05,1290,1338,2.47294314969,0.435721514615
0.05,1290,1349,2.19869861556,0.315950653419
0.05,1290,1369,2.09479382489,0.479468902532
0.05,1291,1245,2.69154309008,0.401833371837
0.05,1291,1360,1.57775987656,0.456792911312
0.05,1292,1286,3.08434295139,0.790937606017
0.05,1292,1325,2.05134869643,0.375894542993
0.05,1292,1373,2.66304728776,0.480500087469
0.05,1292,873,4.66671154809,0.342860611145
0.05,1293,1260,2.88220746665,0.306720528958
0.05,1293,1262,2.58529991394,0.316188942053
0.05,1293,1274,2.65818881421,0.47487056346
0.05,1294,1265,2.73348927355,0.478962753269
0.05,1294,1279,1.99249390228,0.350693611912
0.05,1294,1335,2.3425911261,0.330044545179
0.05,1294,1354,2.30861901638,0.440056636155
0.05,1295,1333,2.38665001366,0.423281164854
0.05,1295,1386,1.79362952759,0.365568752984
0.05,1295,1395,2.5225289165,0.475962272
0.05,1296,1392,1.69392756749,0.235759362861
0.05,1297,1252,2.92715837585,0.282090640276
0.05,1297,1351,1.69503159601,0.302294682452
0.05,1297,1353,2.69474773251,0.492451768236
0.05,1298,1332,2.57216944635,0.399876730794
0.05,1298,1401,2.53821945671,0.239874401387
0.05,12,1104,1.92677138168,0.50942508924
0.05,12,307,1.77830073519,0.451404523022
0.05,12,324,1.81526554538,0.46174010111
0.05,1300,1257,2.64657305091,0.272959209581
0.05,1300,1328,2.85088395872,0.35916484605
0.05,1300,1376,1.51985580677,0.44176982974
0.05,1300,1378,1.36302876774,0.550068072538
0.05,1302,1364,0.830081026447,0.212222795449
0.05,1303,1137,2.62408503812,0.357727291972
0.05,1303,1284,2.27009195494,0.535612060583
0.05,1303,451,2.48398453021,0.469776378738
0.05,1303,463,2.83327306841,0.377165997374
0.05,1307,1260,2.73073928423,0.656977434012
0.05,1307,6,2.10394614806,0.461396536594
0.05,1308,1313,2.57681832928,0.467115908014
0.05,1308,1380,2.3163790514,0.400500615029
0.05,1309,1333,1.8891188706,0.34755335818
0.05,1309,1341,2.0357507781,0.345115903298
0.05,1309,1386,2.44663389952,0.364712789284
0.05,1310,1240,1.93750621222,0.369598601996
0.05,1310,1362,1.41827908416,0.327769501534
0.05,1310,1389,1.83352098671,0.426143978374
0.05,1312,1243,1.81542260227,0.165841827896
0.05,1312,1352,1.83840299229,0.641892443038
0.05,1313,1281,2.35540731839,0.459243670889
0.05,1313,1298,2.41818993568,0.496340693651
0.05,1313,1308,2.25788658353,0.357129484507
0.05,1314,1249,2.44354259946,0.281523317254
0.05,1314,1257,1.83176596732,0.3673960742
0.05,1314,1273,1.54354540127,0.390634993406
0.05,1314,1335,2.04846030776,0.35786072701
0.05,1315,1271,2.51295413013,0.623313574988
0.05,1315,1401,3.22683204636,0.368474278413
0.05,131,107,1.83231030071,0.428759530676
0.05,131,14,1.2772094552,0.962368370313
0.05,131,465,2.7607145829,0.53850239813
0.05,1321,1275,2.78529626017,0.38726358048
0.05,1321,1323,2.35894947473,0.230877858877
0.05,1321,1390,1.92037695672,0.217541917984
0.05,1321,1400,2.39752600237,0.328827379175
0.05,1322,1244,1.55170283109,0.320966970608
0.05,1322,1375,1.58837201469,0.338009480224
0.05,1323,1276,2.69825307606,0.28322949978
0.05,1323,1277,1.91247408488,0.234378222868
0.05,1323,1321,2.29286460165,0.217686747548
0.05,1324,1400,2.80034957217,0.321549586535
0.05,1325,1235,2.64311654364,0.563670450178
0.05,1325,1292,2.21046797294,0.380601787121
0.05,1325,1371,2.41467744962,0.420380984815
0.05,1326,1329,1.60041375935,0.424250902182
0.05,1326,1330,2.62280803882,0.451923089326
0.05,1326,1343,1.93621007966,0.530907847414
0.05,1326,1396,2.08528270164,0.487728465714
0.05,1327,1337,2.38558101176,0.413268610715
0.05,1328,1300,2.84802216077,0.331322867824
0.05,1328,1377,1.7414962318,0.429934408207
0.05,1328,1384,2.45758625874,0.338271825775
0.05,1329,1326,1.58690059173,0.524115501046
0.05,1329,250,2.06919413107,0.430028942204
0.05,132,434,3.73839123063,0.871638928504
0.05,132,86,2.1684513642,0.570351638345
0.05,1330,1264,2.45473910409,0.463679059204
0.05,1330,1326,2.48221655622,0.308165916072
0.05,1330,1345,1.68790413787,0.43599332163
0.05,1330,1389,2.08845378451,0.475838992389
0.05,1332,1247,2.73600365285,0.289965609242
0.05,1332,1278,2.25127977257,0.43244864037
0.05,1332,1298,2.45296027173,0.191949794268
0.05,1332,1361,2.53306394026,0.302456945035
0.05,1333,1282,2.66106352793,0.580349352637
0.05,1333,1295,2.50500766447,0.463787981623
0.05,1333,1309,1.99947775557,0.466707738163
0.05,1333,1396,1.61709574696,0.530448243837
0.05,1334,1257,2.12920919998,0.400504879431
0.05,1334,1279,2.00351455539,0.370202029656
0.05,1334,1335,1.72611199939,0.311215778972
0.05,1334,1381,2.35476542124,0.37985082092
0.05,1335,1269,2.65363981589,0.387974947217
0.05,1335,1294,2.16868074617,0.364096204057
0.05,1335,1314,2.0828149083,0.491751817181
0.05,1335,1334,2.03583098123,0.486779147374
0.05,1336,1268,1.17645145938,0.450267421766
0.05,1336,1384,1.91103134411,0.493147430379
0.05,1337,1374,1.52626642824,0.669243729791
0.05,1340,1244,2.1022096924,0.407662460983
0.05,1340,1364,2.51234106447,0.513956541336
0.05,1341,1239,2.78934760751,0.597353255316
0.05,1341,1309,1.95320210926,0.266123284842
0.05,1341,1369,2.73113482004,0.327023534156
0.05,1342,1323,2.96911325154,0.245290108918
0.05,1343,1239,2.04135180191,0.308787414479
0.05,1343,1309,2.56613773512,0.380247706941
0.05,1343,1326,1.8488722567,0.412152501263
0.05,1344,1240,1.70260028225,0.47484623849
0.05,1344,1264,2.11311084482,0.441409163345
0.05,1344,1268,1.61773509156,0.408740134206
0.05,1345,1329,2.47904050744,0.468387657666
0.05,1345,1330,1.70123884212,0.61830791298
0.05,1345,1402,2.45025101532,0.420373635404
0.05,1345,99,2.22745713776,0.502992295844
0.05,1346,1249,1.74490612409,0.347586273547
0.05,1346,1251,1.57074732003,0.409243653378
0.05,1347,1354,1.98698229296,0.839077890738
0.05,1347,1367,2.5366702424,0.544050221313
0.05,1347,1394,2.33665697503,0.351140722913
0.05,1348,1285,1.98510094944,0.457148609256
0.05,1349,1290,2.56256876137,0.530775776717
0.05,1349,1390,2.47604153252,0.246505788233
0.05,1349,1400,1.86023014293,0.350736622157
0.05,1351,1270,1.71135592774,0.324141168732
0.05,1351,1297,1.75497802712,0.343954584295
0.05,1352,1312,2.38208048034,1.12875270527
0.05,1353,1297,2.75781897145,0.576749556488
0.05,1353,1361,2.82263363364,0.277008458357
0.05,1353,1394,2.47445897064,0.283825917102
0.05,1354,1294,2.4239230625,0.428411332214
0.05,1354,1347,1.78654469649,0.630650288188
0.05,1355,1257,1.50509186269,0.389860934829
0.05,1357,1254,1.92781369931,0.473362730094
0.05,1357,1368,2.39492401354,0.382780775561
0.05,1357,1374,2.2310490919,0.680946821175
0.05,1358,1262,1.35822507842,0.216796956393
0.05,1358,1327,1.49119566116,0.496699195808
0.05,1358,243,2.54130300692,0.296945091778
0.05,1360,1394,1.3533511551,0.55086330025
0.05,1361,1266,2.25308613505,0.304376576969
0.05,1361,1313,1.99566985492,0.332535244593
0.05,1361,1332,2.44042491533,0.270108885083
0.05,1361,1353,2.80409190847,0.337965212798
0.05,1362,1282,1.64121156826,0.321818739108
0.05,1362,1310,1.42369566767,0.40370260163
0.05,1364,1340,2.5392734997,0.405721632848
0.05,1364,1383,2.6354892478,0.309765723719
0.05,1365,1398,1.91889562146,0.521553927288
0.05,1367,1234,2.21307295406,0.375594389526
0.05,1367,1279,2.56973353769,0.40807744558
0.05,1367,1286,2.54875680094,0.450787103829
0.05,1367,1347,2.62106373358,0.305347781721
0.05,1368,1272,0.817498681297,0.384018389058
0.05,1368,1274,2.19968232937,0.417787171509
0.05,1368,1357,2.56054907073,0.312572651766
0.05,1369,1290,2.03311556458,0.386969254444
0.05,1369,1341,2.62840019607,0.365361706217
0.05,136,442,1.98543676343,0.246961111678
0.05,1371,1250,2.24330173594,0.63676812178
0.05,1371,1261,2.2256354322,0.484388153835
0.05,1371,1325,2.43209380367,0.344000360843
0.05,1372,1246,2.11313937184,0.440874676866
0.05,1372,1390,2.16618917653,0.421283650489
0.05,1373,1234,2.13222468569,0.408042527399
0.05,1373,1292,2.64190852168,0.305333071522
0.05,1373,1378,3.24721297499,0.595759690957
0.05,1374,1357,2.12565498605,0.580028808408
0.05,1375,1272,1.7150381593,0.788208812637
0.05,1375,1302,1.78375353106,0.775225989044
0.05,1375,1322,1.67267785777,0.420124754325
0.05,1375,1387,2.39883634214,0.438639444894
0.05,1376,1013,4.17297820551,0.43653964932
0.05,1376,1300,2.0264085726,0.771949839441
0.05,1376,1378,1.89909577708,0.277003110678
0.05,1377,1240,2.12471952012,0.41865280514
0.05,1377,1328,1.81516100723,0.407170933528
0.05,1377,1395,2.25050678849,0.409431175949
0.05,1378,1300,1.3978443786,0.605019733136
0.05,1378,1373,3.18687110202,0.431244474217
0.05,1378,1376,2.00898900482,0.435884913982
0.05,1378,1381,2.19731732057,0.420713355467
0.05,1379,1253,1.04813200449,0.307480570535
0.05,1379,1399,2.01781969226,0.566788531151
0.05,1380,1308,2.44404272617,0.431733176716
0.05,1381,1279,2.26589929201,0.331093489624
0.05,1381,1334,2.26059782705,0.358482233207
0.05,1381,1378,2.1599119491,0.378011573998
0.05,1382,1264,2.44948292574,0.6813900517
0.05,1382,1284,2.05787591433,0.559994172538
0.05,1382,1384,2.20841987606,0.33823563095
0.05,1382,871,2.59811536311,0.33366844029
0.05,1383,1254,2.27292000887,0.42310169185
0.05,1384,1328,2.48271323704,0.407386064343
0.05,1384,1336,1.86374298593,0.595964073693
0.05,1384,1382,2.3504261214,0.455160998337
0.05,1385,1239,2.60208479118,0.411429817245
0.05,1386,1237,1.88822553364,0.269171895048
0.05,1386,1249,2.72740329279,0.370064079483
0.05,1386,1295,1.74293143104,0.319029688324
0.05,1386,1309,2.38164091272,0.336359979612
0.05,1387,1254,1.70718742646,0.572765524679
0.05,1387,1375,2.33796509449,0.550824852926
0.05,1388,1268,1.06160835056,0.736422987843
0.05,1389,1282,1.66274175995,0.451051295315
0.05,1389,1310,1.8613272598,0.404537405788
0.05,1389,1330,2.10376848687,0.515538764704
0.05,1389,1396,2.5391451055,0.395308994644
0.05,1390,1321,1.91416028308,0.290752095231
0.05,1390,1372,2.14793147423,0.402434734435
0.05,1392,1254,2.67323105955,0.649546713595
0.05,1392,1296,1.96470442712,0.330916872041
0.05,1394,1265,2.23722343398,0.379243776653
0.05,1394,1347,2.25239829777,0.387951372656
0.05,1394,1353,2.52775192125,0.355579354109
0.05,1394,1360,1.25983492469,0.539240844897
0.05,1395,1282,2.23972309865,0.351304499341
0.05,1395,1295,2.57188885075,0.531683782351
0.05,1395,1377,2.27788968859,0.328924580892
0.05,1396,1326,2.23111055918,0.369325513705
0.05,1396,1333,1.73779061135,0.550278959688
0.05,1396,1389,2.47467065916,0.356674134196
0.05,1398,1265,3.05181829317,0.469943340745
0.05,1398,1342,2.62405046029,0.214820402592
0.05,1399,1379,1.75460060547,0.356474061612
0.05,1400,1260,2.6114954166,0.301111305088
0.05,1400,1349,2.12695552648,0.409037439518
0.05,1401,1247,2.65239784367,0.286420123269
0.05,1401,1298,2.47240178533,0.405753896231
0.05,1401,1315,3.03769883919,0.252228593254
0.05,1402,1264,1.67374069995,0.562081956325
0.05,1402,1284,2.30786568298,0.433767957154
0.05,1402,1345,2.71730064577,0.510067104649
0.05,1402,451,2.18803418532,0.461976302063
0.05,140,263,3.45072953378,1.0494927646
0.05,140,273,2.85700109468,0.522450677129
0.05,140,431,2.26475844341,1.01707416223
0.05,141,195,1.35716464099,0.262399037308
0.05,141,349,0.73424519769,0.321429327095
0.05,142,136,2.3380862305,0.386788025509
0.05,143,225,2.06879177749,0.384856689594
0.05,143,291,1.59620155046,0.544435113375
0.05,143,39,1.84810972879,0.451009398739
0.05,148,222,2.52819687205,0.577364451554
0.05,148,226,2.57504722802,0.883065123319
0.05,148,251,2.2816917735,0.503395024
0.05,149,115,1.87875429273,0.464719640399
0.05,149,329,1.57209934483,0.436550863976
0.05,149,359,1.53026910741,0.432094743665
0.05,149,388,2.03785062469,0.609368238928
0.05,14,131,1.80448147706,0.986684119934
0.05,157,105,1.90909950637,0.415842545664
0.05,157,66,2.80624883184,0.315731281016
0.05,157,91,1.98025251524,0.434281766113
0.05,158,398,2.81055558564,0.384739227172
0.05,158,75,2.91860012724,0.27897541196
0.05,160,195,3.04258932537,0.201283458071
0.05,160,206,4.65395332777,0.916615222777
0.05,160,348,2.36647884499,0.276604325863
0.05,161,38,1.99644490093,0.422945685169
0.05,162,205,1.29443825098,0.866707010182
0.05,163,353,2.81158893439,0.483383630824
0.05,163,50,2.16988152455,1.03397037155
0.05,163,63,2.95000139968,0.60404159673
0.05,171,311,1.49262773371,0.537012099059
0.05,171,34,1.91665340096,0.434804539442
0.05,171,79,1.7651921578,0.531341913239
0.05,172,128,2.56345433972,0.361836368253
0.05,172,235,2.49829107092,0.505792506508
0.05,172,99,2.77444561139,0.333035413058
0.05,177,238,2.49589736409,0.568112932793
0.05,177,66,1.78824541282,0.417476545605
0.05,182,413,3.48437596118,1.31461388271
0.05,182,58,3.30017248026,0.95305073839
0.05,186,258,2.29032106876,0.296025436359
0.05,186,376,2.58054504083,0.228364293653
0.05,189,227,1.24428600625,0.416339893035
0.05,189,40,2.00044279288,0.372943142312
0.05,190,1,0.964600696444,0.505159238488
0.05,190,200,0.276510378982,0.673632767416
0.05,190,219,2.73994740372,0.504798323579
0.05,192,197,2.16122715876,0.50462260691
0.05,195,141,1.38992568689,0.343204756971
0.05,195,160,3.00818859466,0.172552102904
0.05,195,323,2.50612017456,0.259301654623
0.05,196,220,2.12524803032,0.304945382811
0.05,196,328,1.46856723125,0.480012502685
0.05,196,461,2.36299033112,0.3935166069
0.05,197,192,2.10797226579,0.50590457886
0.05,197,257,2.82894834032,0.465345611053
0.05,1,190,1.36417109584,1.0085056761
0.05,1,333,2.76377447458,0.374696072983
0.05,1,371,2.73343341431,0.883940980808
0.05,1,392,2.81524426868,0.457568649164
0.05,200,190,0.37877100337,0.630143380549
0.05,200,323,3.14625374648,1.18670302952
0.05,200,35,2.70276744269,0.725073838945
0.05,203,393,1.32153452943,0.780676207501
0.05,203,414,0.911552128549,0.687088594805
0.05,203,431,2.10166798263,0.540571259937
0.05,204,403,2.09687478825,0.6440685081
0.05,204,82,2.06165559479,0.469211045275
0.05,205,162,1.26313994404,0.749501473997
0.05,205,66,2.1152496661,0.465783846289
0.05,206,118,4.19168104756,1.15779358644
0.05,206,160,4.30750265212,0.947129989057
0.05,206,79,1.94751586886,0.58991361468
0.05,209,219,2.06593826548,0.699050423098
0.05,209,69,2.27148010542,0.301356629499
0.05,216,258,2.71450684693,0.329419796114
0.05,216,346,2.22555283541,0.495271825021
0.05,216,367,3.13724522361,0.81664972228
0.05,216,8,2.87185348949,0.561367226009
0.05,219,117,2.10462000149,0.422888837878
0.05,219,190,2.66105581358,0.404185772793
0.05,219,209,1.98913421937,0.778681222307
0.05,220,196,2.50900486453,0.597682108038
0.05,220,359,1.97404414263,0.450336211208
0.05,222,148,2.37314177889,0.575468570925
0.05,222,465,2.97441445002,0.813617259558
0.05,223,249,1.15171052853,0.320024833929
0.05,223,85,1.31877562088,0.405537718004
0.05,225,143,2.03791306774,0.364246787488
0.05,225,46,1.57544963927,0.488037799734
0.05,225,76,1.91125772551,0.399368723327
0.05,226,148,2.31449219341,0.398112811707
0.05,226,308,1.95223420685,0.536237356338
0.05,226,312,1.34968234242,0.397374434938
0.05,227,189,1.0109462474,0.476647091724
0.05,227,329,1.89161723791,0.503530092523
0.05,227,388,1.65857216828,0.532476009107
0.05,22,258,2.81032473776,0.410854611679
0.05,231,101,3.2534868899,0.14958028844
0.05,231,306,2.64439440478,0.423384923217
0.05,231,37,2.95794562203,0.311504249991
0.05,231,5,1.87940988241,0.50328664808
0.05,233,1158,2.07718742781,0.307988408629
0.05,233,1222,1.84041054233,0.557236873363
0.05,233,324,2.21728772081,0.754467768797
0.05,235,172,2.37055810036,0.49135178347
0.05,235,340,2.9011483889,0.36569342129
0.05,235,406,2.90974127194,0.344178251856
0.05,238,123,1.81770866602,0.415353196572
0.05,238,177,2.46097414586,0.366961604128
0.05,240,115,1.62149986722,0.728129996922
0.05,240,329,1.78918669473,0.506692852828
0.05,240,95,1.06838704603,0.428264838993
0.05,243,1358,2.6789743863,0.338529291068
0.05,243,341,2.68525085247,0.444635556806
0.05,243,8,2.29762656466,0.552291046323
0.05,249,105,2.34252502816,0.433326070908
0.05,249,223,1.18737342385,0.392539492588
0.05,249,444,1.42397022188,0.355845350434
0.05,250,1329,2.04760198507,0.301095015132
0.05,250,99,2.62054843793,0.427424000052
0.05,251,148,2.2956208692,0.433842372747
0.05,251,308,1.75970259294,0.234439169102
0.05,257,123,2.38923989088,0.469200337666
0.05,257,197,2.54119225347,0.302016375597
0.05,258,119,2.80621896526,0.600536224355
0.05,258,186,2.58515021589,0.51552840761
0.05,258,216,2.73605034367,0.382629060022
0.05,258,22,2.6819160493,0.418085667915
0.05,25,1137,2.72546095585,0.383938852777
0.05,25,37,2.17142287872,0.364761044656
0.05,25,463,2.55927773202,0.393370176154
0.05,25,5,3.04005154937,0.439213595919
0.05,263,1115,3.1758162507,1.09035343252
0.05,263,140,2.12123318162,0.471931358816
0.05,263,179,1.73349946131,0.253365908652
0.05,263,393,2.62725411125,0.706369721755
0.05,268,128,2.65913307645,0.452522286715
0.05,268,451,1.83937516229,0.655837352703
0.05,26,336,1.95565042815,0.403401570361
0.05,26,5,1.7171161448,0.548609508471
0.05,270,392,1.26545156673,1.12951107672
0.05,270,433,1.58279248106,0.262309781945
0.05,271,1072,2.10872156245,0.410126656179
0.05,271,336,1.15995700377,0.513141837443
0.05,27,107,2.92138171017,0.251706767297
0.05,27,312,1.89564519773,0.370553125411
0.05,27,423,1.87165087874,0.319419976978
0.05,285,114,1.56321974054,0.313823899211
0.05,286,349,1.38226456709,0.525593204264
0.05,288,448,1.34708454881,0.536771989548
0.05,288,46,1.57182802909,0.597315824379
0.05,288,461,1.60524374541,0.537278156972
0.05,288,461,1.63367054803,0.485589384647
0.05,290,286,1.00410277461,0.266282675521
0.05,290,35,2.05941623041,0.487264868171
0.05,291,143,1.647642108,0.45735986363
0.05,291,85,1.50626583164,0.418737682682
0.05,294,398,2.23600593868,0.441649426245
0.05,296,358,1.61150809266,0.525233034762
0.05,298,142,2.79156196767,0.732591571514
0.05,306,231,2.70085449553,0.509001084811
0.05,307,101,2.39148448423,0.613173241166
0.05,307,121,2.13279504956,0.69934557127
0.05,307,12,1.86421700641,0.4389755002
0.05,307,121,2.04794369492,0.623635915489
0.05,308,226,1.76321578328,0.387170422585
0.05,308,442,1.3100420539,0.27113547489
0.05,311,171,1.42689340968,0.509389101117
0.05,311,444,0.877458249254,0.370928831764
0.05,311,89,2.14885502503,0.551830148776
0.05,312,226,1.42104016919,0.462750145707
0.05,312,27,1.9599373329,0.47395245285
0.05,312,442,1.87684203622,0.395346337868
0.05,312,465,2.20460780843,0.393901257959
0.05,322,114,1.74631624163,0.320160641103
0.05,322,362,1.58795292345,0.380621900662
0.05,322,87,2.60689839858,0.452294438043
0.05,323,195,2.66056156645,0.843882822529
0.05,323,200,2.60025319148,0.511022935189
0.05,323,371,2.07464113429,0.357521140384
0.05,324,12,1.62134627959,0.377048100801
0.05,324,1209,2.09996616326,0.389568920874
0.05,324,1209,2.03752137136,0.46541855897
0.05,324,233,2.12171441795,0.352943716903
0.05,328,196,1.55143804808,0.612758331409
0.05,328,62,1.79345857784,0.340110990517
0.05,329,149,1.86081825059,0.595000801376
0.05,329,227,1.80771543318,0.515412848626
0.05,329,240,1.84831986789,0.409186425842
0.05,331,86,2.75739310093,0.879733051687
0.05,333,117,1.10680783954,0.528049665636
0.05,333,1,2.84293802468,0.603599973828
0.05,333,117,1.18558019779,0.528376241716
0.05,334,417,2.14275109548,0.471859215794
0.05,334,63,1.61753759041,0.534016217305
0.05,336,26,1.91536555984,0.485197739259
0.05,336,271,1.04872264099,0.481864189369
0.05,336,5,1.81035772471,0.508824124562
0.05,340,235,2.93129684834,0.307144429702
0.05,340,350,2.22957195354,0.421018314484
0.05,340,398,2.86506554451,0.349150636884
0.05,341,1366,2.35368344409,0.556180219657
0.05,341,243,2.57201118901,0.387417116777
0.05,346,216,3.10512341887,0.909679013753
0.05,347,1293,2.58011520942,0.445796445423
0.05,347,243,2.92109424783,0.438034355731
0.05,348,160,2.40666389392,0.34774694545
0.05,348,40,1.90336597122,0.383731397073
0.05,348,423,1.9870347509,0.360078659913
0.05,349,141,1.6925326029,1.23935397823
0.05,34,105,2.10515840521,0.54786230499
0.05,34,171,2.04895665296,0.458253007565
0.05,34,91,1.98685326278,0.532327747607
0.05,350,172,2.70086170071,0.254170844789
0.05,353,163,2.66986321789,0.569968820735
0.05,355,367,2.45278909729,0.361326341886
0.05,355,6,3.09690109247,0.282807784835
0.05,355,8,2.62931519212,0.269349956726
0.05,356,162,2.46210345872,0.306360807285
0.05,356,79,2.68870219956,0.391953559446
0.05,356,91,1.95152165088,0.271212847803
0.05,359,149,1.55403606041,0.449694169144
0.05,359,220,1.93411779663,0.458194226719
0.05,359,400,1.92325329835,0.356578192777
0.05,359,461,2.53890384502,0.475389557577
0.05,35,200,2.51637178256,0.306137209219
0.05,35,290,1.96157716337,0.36074218244
0.05,362,322,1.6735531958,0.311101508528
0.05,362,435,2.59217243341,0.317005085638
0.05,367,119,2.72737352313,0.299481171817
0.05,367,216,2.46303551964,0.169281947858
0.05,367,355,2.36921596151,0.423903108417
0.05,371,1,2.39717357996,0.300170698161
0.05,371,1158,1.76294999892,0.53171671426
0.05,371,1158,1.76528285217,0.517045627886
0.05,371,323,2.34003862798,0.768623601119
0.05,371,414,2.51748321358,0.514056545628
0.05,372,433,2.39386546914,0.391671061569
0.05,372,97,0.0616254169759,0.600154109
0.05,376,119,2.55255036359,0.212521686419
0.05,376,186,2.55292999259,0.385947651747
0.05,376,75,2.38386273232,0.272587302081
0.05,37,231,3.01319007166,0.386488811727
0.05,37,25,2.12978309038,0.318136474269
0.05,37,406,2.58919574978,0.43359453957
0.05,388,149,1.94307726018,0.351201555169
0.05,388,227,1.58383891045,0.639286770552
0.05,388,400,1.74050687894,0.482917112305
0.05,392,1,3.78529129507,1.27459653715
0.05,392,270,0.583038177312,0.731539836316
0.05,392,431,2.72053690935,1.07243384898
0.05,393,203,1.69724147153,0.596148875896
0.05,393,263,2.65032116549,0.892397938844
0.05,393,414,1.0418674817,0.793046538492
0.05,398,158,3.00465482295,0.383348010455
0.05,398,294,2.20902864616,0.384861018176
0.05,398,340,3.02831587826,0.564614384248
0.05,39,120,1.884352738,0.518216769516
0.05,39,143,1.91224550799,0.588352948818
0.05,39,76,1.8850617463,0.356129779272
0.05,39,85,1.52377860171,0.394136938434
0.05,400,359,2.04688598803,0.561860849733
0.05,400,388,1.7618068017,0.475946893603
0.05,400,40,1.17188110334,0.445313054465
0.05,403,251,2.15134042697,0.455340036539
0.05,404,192,3.99584790333,0.535397982091
0.05,406,235,3.16085509403,0.618847949816
0.05,406,37,2.47102142134,0.401217356176
0.05,406,463,2.33006041175,0.590843420193
0.05,40,189,2.07585126739,0.573881047433
0.05,40,348,1.95013705374,0.385741960868
0.05,40,400,1.20383136325,0.430490145127
0.05,413,182,2.91412360608,1.20811492624
0.05,413,97,3.30051913622,0.454648170511
0.05,414,203,0.999677583256,0.57357154931
0.05,414,371,2.68430422507,0.66961919193
0.05,414,393,1.0136163289,0.766611250656
0.05,414,929,1.86815645893,0.530179063969
0.05,417,334,2.01289246318,0.374352824994
0.05,417,50,3.16294143313,0.596095264742
0.05,423,27,1.91670964177,0.385181291708
0.05,423,348,2.03006976744,0.437076825883
0.05,423,87,2.53213731409,0.335866256286
0.05,428,1236,3.16778120562,0.521217071474
0.05,431,140,2.1411296375,0.823187723031
0.05,431,203,2.2428416009,0.891824453481
0.05,431,392,2.12903756592,0.599339355718
0.05,433,270,2.61258705938,1.22569457856
0.05,433,372,2.55707876127,0.903408624171
0.05,435,87,1.41100011025,0.502971648928
0.05,436,123,2.13935563537,0.566206650194
0.05,442,312,1.94523248984,0.27660726791
0.05,444,249,1.29300236956,0.40819036148
0.05,444,311,0.696627221641,0.312198537137
0.05,444,456,2.11618288799,0.506603210276
0.05,448,115,1.35948441766,0.732706608993
0.05,448,288,1.50947531051,0.585154643851
0.05,448,95,1.80522176776,0.597580643332
0.05,451,1303,2.42454200558,0.398788099846
0.05,451,1402,2.24602512882,0.535611740343
0.05,451,268,1.63185470849,0.532034552281
0.05,451,99,2.49637759053,0.436847957037
0.05,456,444,2.2416616771,0.702158880318
0.05,456,85,1.33622992376,0.435550325789
0.05,456,89,0.968915687397,0.454590554574
0.05,461,196,2.5187704088,0.387462112266
0.05,461,288,1.46565065394,0.464476972472
0.05,461,359,2.42291053481,0.354043281067
0.05,461,76,1.37516402337,0.36562216541
0.05,463,128,2.47794772204,0.356849464156
0.05,463,1303,2.9072788394,0.408632422436
0.05,463,25,2.47065997298,0.319616739438
0.05,463,406,2.42208775515,0.558982009998
0.05,465,131,2.88156143985,0.49940736222
0.05,465,222,2.67955479409,0.571021690147
0.05,465,312,2.29721136234,0.584889749861
0.05,46,107,2.18835351469,0.493382920782
0.05,46,225,1.5001738412,0.514261811072
0.05,46,288,1.48244730186,0.52531968742
0.05,46,95,1.44457625944,0.58674767905
0.05,47,285,1.86484689564,0.234977406557
0.05,50,163,2.0214642596,0.693662750104
0.05,50,296,2.79116489478,0.281859317177
0.05,50,417,2.66435146735,0.118347891732
0.05,58,86,3.05421988211,0.808928758594
0.05,5,231,1.9317636138,0.497846446865
0.05,5,25,3.08712477901,0.446556279604
0.05,5,26,1.61380031984,0.553323583141
0.05,5,336,1.70718346778,0.577655979119
0.05,62,120,1.83905974112,0.402659990402
0.05,62,328,1.74695585424,0.430957507512
0.05,62,79,2.64663345727,0.405940013462
0.05,63,334,1.45677525576,0.648051952898
0.05,63,404,3.39347541905,0.27119464659
0.05,66,157,2.82939140963,0.283337390898
0.05,66,177,1.8283647852,0.418307506616
0.05,66,205,2.08108373218,0.370565441014
0.05,69,114,1.75241679756,0.385320202564
0.05,69,209,2.4500643208,0.305306728268
0.05,6,1307,2.27505988517,0.41085431439
0.05,6,355,2.9492836848,0.430867881043
0.05,75,158,2.94705074622,0.25665114056
0.05,75,376,2.47836601547,0.278027783246
0.05,763,793,2.58654129702,0.826191598892
0.05,76,225,2.19311455933,0.389142058823
0.05,76,39,1.9244741176,0.327748150613
0.05,76,461,1.31894202687,0.316166382382
0.05,772,1028,1.49900614865,0.366499188584
0.05,772,1203,0.951529541231,0.443376187143
0.05,772,819,1.69381179114,0.493014089686
0.05,774,895,1.82093046985,0.563296180246
0.05,774,970,2.04110173387,0.42084000177
0.05,774,986,2.22286640167,0.455902660514
0.05,777,1185,2.14035575216,0.531879664978
0.05,777,903,1.80546817019,0.349767672333
0.05,777,988,2.14617820727,0.505404026116
0.05,778,1044,1.71770428781,0.570983773263
0.05,778,833,2.31660318297,0.398525741959
0.05,778,963,2.34158772392,0.514507145435
0.05,790,1203,1.5022581354,0.388146450059
0.05,790,819,1.23090101717,0.529818053466
0.05,790,860,0.80201222168,0.419052898008
0.05,791,1107,1.89775299582,0.78126972953
0.05,791,834,1.91553685412,0.354068881639
0.05,791,852,1.99888421351,0.505740065925
0.05,791,936,1.84382405246,0.600351340841
0.05,792,1013,2.34767260747,0.451308149469
0.05,792,1162,2.03270503381,0.415705543967
0.05,792,1186,2.21908336092,0.555891157973
0.05,792,814,1.96810605304,0.364464503646
0.05,793,926,1.29076012808,0.700891064932
0.05,796,1032,2.096509164,0.486759476442
0.05,796,1082,1.30789536958,0.734565740079
0.05,796,937,1.36794371287,0.613833306361
0.05,796,988,-0.127785410811,0.623991924007
0.05,799,1207,0.961669803286,0.540182937543
0.05,799,1215,1.48451209028,0.426545691254
0.05,799,844,1.76672020102,0.46567504415
0.05,799,921,1.17476134376,0.374124379399
0.05,79,171,1.7454387305,0.454646997867
0.05,79,206,1.80027173446,0.4318083809
0.05,79,356,3.12640581247,0.643243980043
0.05,79,62,2.83615280137,0.923352393013
0.05,804,1122,2.95087411567,0.573036443361
0.05,804,888,2.21577146071,0.411030426828
0.05,804,982,1.10954912625,0.520822356317
0.05,806,1020,1.43646962183,0.636783279588
0.05,806,1207,1.30826864928,0.600886669932
0.05,806,921,1.04665471959,0.444531464217
0.05,806,959,1.67492997561,0.547856838722
0.05,809,1114,2.72541699857,1.03374059716
0.05,809,1157,2.51963291067,0.425330169966
0.05,809,900,3.42999979761,1.22988053322
0.05,813,921,1.44815134235,0.526421980732
0.05,813,955,0.354833055506,0.469804336711
0.05,814,1007,2.02854909038,0.373607575091
0.05,814,792,1.98796774409,0.46315441093
0.05,814,991,2.47664739098,0.428167754654
0.05,814,994,2.0693200426,0.45683122614
0.05,817,873,1.58648787147,0.512879182673
0.05,817,909,1.92901354981,0.546486359935
0.05,818,1203,1.80584116864,0.454630277728
0.05,818,1207,1.65504793678,0.491138165456
0.05,818,1215,0.990036442438,0.642090521202
0.05,819,1233,1.83787024502,0.485813135862
0.05,819,772,1.57122932373,0.426480453517
0.05,819,790,1.15118615525,0.509203841935
0.05,820,1233,1.72905540065,0.586817163354
0.05,820,887,2.94788443217,0.426128353561
0.05,820,970,1.7544841231,0.584414618673
0.05,821,1141,1.80144176582,0.664376291121
0.05,821,822,1.84250089823,0.531115135814
0.05,821,960,1.72113108977,0.413581567015
0.05,821,999,1.8383125497,0.345776911043
0.05,822,1182,1.59362751717,0.420849627214
0.05,822,821,2.1385639638,0.420325657277
0.05,824,1031,2.58071134435,1.02373043315
0.05,827,1010,2.00381210525,0.437362140488
0.05,827,1041,2.44004984342,0.416507425184
0.05,827,909,2.22548359943,0.545734215916
0.05,82,204,1.80336422128,0.315571641753
0.05,830,906,3.03240458702,0.85607025364
0.05,830,942,2.48782188228,0.642600833851
0.05,833,1128,1.78505244404,0.406272547945
0.05,833,778,2.52798650586,0.336042165599
0.05,833,852,2.15129654135,0.497044750764
0.05,833,974,2.12730880427,0.329301060435
0.05,834,1068,1.08233464709,0.60642483825
0.05,834,791,2.06421024732,0.544027566243
0.05,838,1032,1.80434072372,0.769744173012
0.05,838,1082,2.22220982299,0.481690302014
0.05,838,1154,2.20058412045,0.460321038552
0.05,838,936,2.57049341549,0.328885579132
0.05,842,1027,0.960539848902,0.698953336871
0.05,842,1115,2.37138951985,0.55303106689
0.05,842,929,1.13354978107,0.678227782129
0.05,843,932,2.85425179805,0.714249739912
0.05,843,993,2.18596276275,0.623094276691
0.05,843,999,2.3317837629,0.508183850934
0.05,844,1045,1.28255783276,0.478564116623
0.05,844,1111,1.53496761449,0.351168501508
0.05,844,955,1.07182803445,0.506248165245
0.05,847,1041,2.6075149324,0.457618268082
0.05,847,1160,2.59900719236,0.871984272449
0.05,852,1107,2.00557932314,0.485839629308
0.05,852,791,1.9908929814,0.497456604353
0.05,852,833,2.11893807485,0.414604392988
0.05,852,883,2.18973473584,0.494724929107
0.05,85,223,1.29468653868,0.315755684653
0.05,85,291,1.63669371853,0.366475348752
0.05,85,39,1.5227755245,0.396310857348
0.05,85,456,1.48995867609,0.452599627488
0.05,860,1030,1.50312468258,0.412903027023
0.05,860,1069,1.63167968132,0.437499228582
0.05,860,790,0.94009664391,0.530184839655
0.05,867,1191,1.95015587013,0.36908700373
0.05,867,874,2.36973842877,0.437445028904
0.05,867,920,2.06092064982,0.353329362268
0.05,869,1045,2.45703504527,0.511753893782
0.05,869,1046,1.20756507555,0.487687574725
0.05,869,986,1.95503105779,0.401597972109
0.05,86,132,2.33663709324,0.895775355035
0.05,86,331,2.95206341516,1.06277744239
0.05,86,58,3.17369001389,1.14621584953
0.05,871,1137,2.34191615353,0.505346259415
0.05,871,1284,2.71677458394,0.47499827775
0.05,871,1382,2.66688164005,0.384116504781
0.05,873,1154,2.44201272347,0.358457793109
0.05,873,817,1.65071694428,0.730529973658
0.05,873,936,1.13131943328,0.616581604947
0.05,874,867,2.21380704793,0.401626523776
0.05,874,991,1.70308567105,0.531076777456
0.05,87,322,2.48523781468,0.282531567938
0.05,87,423,2.51883315373,0.276749728585
0.05,883,1068,1.19075047183,0.51599127976
0.05,883,852,2.18919648744,0.618301076441
0.05,886,1222,2.32687986343,0.421349756399
0.05,886,1233,1.48066669929,0.532197850202
0.05,887,1027,2.81828870106,0.536983179991
0.05,887,1189,1.5211886246,0.588828396579
0.05,887,820,3.25131359281,0.883665606822
0.05,887,989,2.6338840839,0.480858567141
0.05,888,1213,2.15195952292,0.504010041518
0.05,888,804,2.2389025942,0.404203818972
0.05,888,923,1.85874894015,0.445276549369
0.05,894,942,2.33071387192,0.809710845109
0.05,895,1016,2.03420713728,0.5839469424
0.05,895,1229,1.79678701425,0.565210161223
0.05,895,774,1.85962675449,0.495456151723
0.05,895,973,2.2676073757,0.412851791655
0.05,89,120,1.56977185816,0.513485905454
0.05,89,311,2.17763443596,0.583030859226
0.05,89,456,1.062456791,0.471161799349
0.05,8,216,2.6014006838,0.345502039493
0.05,8,243,2.45714528337,0.544978653043
0.05,8,355,2.41570035155,0.308197467467
0.05,900,1082,2.29958168517,0.705751950741
0.05,900,1101,3.02890172807,0.785691006793
0.05,900,809,2.45678463945,0.678098727264
0.05,900,967,1.60003374554,0.534463849127
0.05,901,1157,1.83563805204,0.56321382896
0.05,901,1232,2.50861538406,0.703272580557
0.05,901,937,2.61889976744,0.666179145808
0.05,903,1032,2.22861384109,0.424573944446
0.05,903,1128,1.83734396594,0.439828456774
0.05,903,777,1.85954661673,0.427572606933
0.05,906,1113,2.06423890928,0.277144954731
0.05,906,830,2.65872728384,0.234264122685
0.05,909,1139,2.07691841998,0.538943642654
0.05,909,817,1.83154513112,0.487509544082
0.05,909,827,2.20429677618,0.617850849628
0.05,915,1170,2.12841557546,0.46379714829
0.05,915,121,1.83915469986,0.456145271779
0.05,918,1141,1.9109817696,0.457766341651
0.05,918,993,2.19895380297,0.625906885874
0.05,918,999,2.13036222693,0.768975080196
0.05,91,157,1.94328644128,0.478267268039
0.05,91,34,1.81942269112,0.236905655992
0.05,91,356,1.81928731413,0.397854082703
0.05,920,1016,2.17709009377,0.44866688574
0.05,920,867,2.12440953234,0.554230739555
0.05,920,973,1.94956011925,0.289528099231
0.05,921,799,1.41750475424,0.708773429323
0.05,921,806,1.00366617031,0.653650629827
0.05,921,813,1.48935769945,0.444386743874
0.05,921,927,1.42524165264,0.364816835605
0.05,923,101,2.7639451568,0.483995880001
0.05,923,1066,2.15386489245,0.516175294592
0.05,923,888,1.93105013755,0.503708631507
0.05,926,793,2.24352661313,0.844370006103
0.05,927,1125,1.41109596335,0.503322148701
0.05,927,1135,1.64986303368,0.449767387098
0.05,927,921,1.5323682613,0.528226870291
0.05,927,959,0.818405473974,0.434184095754
0.05,929,414,2.0038701034,0.545585796068
0.05,929,842,1.12967736228,0.526594697252
0.05,932,843,2.63901740232,0.67755758671
0.05,932,999,1.9980557316,0.442706717082
0.05,936,791,1.83162791761,0.428294547683
0.05,936,838,2.63794335339,0.44074405219
0.05,936,873,1.10082906562,0.643722845907
0.05,937,1061,2.87820879619,0.392548565211
0.05,937,796,1.30371205713,0.65790661431
0.05,937,901,2.6010814822,0.435847165871
0.05,937,988,1.00450393308,0.837430296335
0.05,942,1056,2.08026601168,1.10875915166
0.05,942,830,2.39480085638,0.518221667922
0.05,942,894,2.28377593314,0.504155925381
0.05,942,985,1.91595172814,0.513397106698
0.05,955,1135,1.50732959859,0.544926778677
0.05,955,813,0.357821046394,0.549985922169
0.05,955,844,1.07889946182,0.451077911536
0.05,959,1170,1.20428234325,0.425246652353
0.05,959,1213,1.59253464875,0.701851406175
0.05,959,806,1.61342487436,0.545738791923
0.05,959,927,0.936435590735,0.53145106567
0.05,95,240,1.12688198108,0.674660564571
0.05,95,448,1.78079170133,0.642231449092
0.05,95,46,1.29450899084,0.410109732341
0.05,960,1133,2.01974659644,0.691193400117
0.05,960,821,1.75631489145,0.540968074642
0.05,963,778,2.40142913955,0.660822251296
0.05,963,994,2.54255974287,0.666128599434
0.05,967,1127,1.67054164592,0.723368664979
0.05,967,1154,2.42968588467,0.418748167075
0.05,967,900,1.43269878736,0.494446302594
0.05,969,1177,2.97402487284,0.598129706165
0.05,970,1069,1.94040641785,0.549751336248
0.05,970,774,2.11970956595,0.521181548287
0.05,970,820,1.78140720271,0.499755719946
0.05,973,1191,2.14276431178,0.475590865033
0.05,973,895,2.18948060858,0.417545354944
0.05,973,920,2.00157258347,0.477387583811
0.05,974,1062,1.20380693521,0.386032438867
0.05,974,833,2.17222168961,0.336994700752
0.05,974,991,2.5207030857,0.359172323926
0.05,97,117,3.34838080343,1.06014261823
0.05,97,372,0.0707174987541,0.327934555312
0.05,97,413,2.8387175958,0.283299233875
0.05,982,1009,2.56047525606,0.317313567254
0.05,982,1135,2.39442802381,0.422592501585
0.05,982,804,1.1815741632,0.429376070817
0.05,985,1179,2.35285294472,0.935098754491
0.05,985,942,2.25595282142,0.810323556745
0.05,986,1218,2.34487849104,0.690597408438
0.05,986,774,2.29894307435,0.45002434268
0.05,986,869,1.8605264322,0.559812553684
0.05,987,1036,2.66398133964,0.563217773518
0.05,987,1073,2.55818472711,0.625137858093
0.05,987,1189,2.32497686904,0.51073918626
0.05,987,1229,2.86978325681,0.703893184225
0.05,988,1127,1.28934753473,0.635851236436
0.05,988,777,2.21575998798,0.600933181486
0.05,988,796,0.105557660434,0.762221856158
0.05,988,937,0.907605386719,0.694863353084
0.05,989,1036,2.89842909333,0.55035363874
0.05,989,1115,3.18468006338,0.321331005625
0.05,989,1230,2.00624520871,0.395738046404
0.05,989,887,3.34787366489,1.098275188
0.05,991,814,2.49768091354,0.455694513028
0.05,991,874,1.62105484696,0.441533707832
0.05,991,974,2.54879395769,0.386431144967
0.05,993,1114,2.94246497138,0.739922181941
0.05,993,843,2.35523632019,0.695940319424
0.05,993,918,1.94259073982,0.508585651828
0.05,994,1162,2.29722608089,0.398666423205
0.05,994,814,1.99271978835,0.473266211195
0.05,994,963,2.38531207327,0.362426639327
0.05,996,906,2.76596474321,0.537965069716
0.05,997,1177,2.66307360071,1.28196058626
0.05,999,821,2.08256552816,0.514396565745
0.05,999,843,2.24136482459,0.439061357595
0.05,999,918,2.00204790309,0.402962949558
0.05,999,932,2.06871580921,0.653799772769
0.05,99,1345,2.22429997123,0.621200090311
0.05,99,172,3.0530113749,0.62953597714
0.05,99,250,2.66714685318,0.42024871503
0.05,99,451,2.55000264986,0.460354128512
