0.452590951021,1007,1009,62.7817822106,19.929185448
0.708946515008,1007,1186,58.1345689222,25.2807954764
0.664630584582,1007,814,54.1898168787,21.3356490284
0.461154121581,1009,1007,62.6083793906,16.8264636372
0.676880125907,1009,1122,48.6296478261,17.0239824667
0.309615452719,1009,1124,55.8297847638,24.2614275361
0.136776854722,1009,982,55.7014513083,23.400307518
0.558386021642,1010,827,60.9386311133,11.636250836
0.372871732232,1013,1211,51.4946082943,23.1808899025
0.818618609231,1013,792,66.2691669617,25.0450545858
0.492448697867,1015,1056,60.8695819316,20.2983842415
0.828538431576,1016,1150,57.9521263609,18.9492197501
0.883866216629,1016,895,58.1034597694,23.7954500631
0.834844678857,101,231,79.6169886455,14.0093106281
0.459199921927,101,307,62.6591059794,21.141059
0.171759721101,101,923,70.3207513844,19.0157791434
0.972683799494,1020,1145,56.229369195,19.8291575776
0.996494304131,1020,1170,49.4282693458,15.5916628067
0.761052649597,1020,806,54.4947201612,19.8302781542
0.59961899952,1027,1027,43.2347399389,22.6579570215
0.677074371169,1027,842,63.9621366747,18.5582529728
0.266116857891,1027,887,63.665306069,22.3336893596
0.487348773659,1028,1145,52.9898829471,17.9688189853
0.451885703429,1028,772,52.3839965557,18.0307995622
0.995606114366,1030,1046,59.4596467085,20.2121325116
0.584455755322,1030,1215,61.9607181861,22.6372560581
0.820630745505,1030,860,57.4630352903,17.4515750691
0.702393644219,1031,1049,61.6880862053,25.3791358382
0.863442887879,1031,1232,44.6997832274,20.9941084518
0.469935311667,1032,1068,42.0960674489,12.5874566858
0.695603540723,1032,796,61.4899572798,19.0935879147
0.995824045675,1032,838,69.1664558514,19.6832044283
0.74552904337,1036,1151,54.7376111307,23.7190044258
0.982473990174,1036,987,58.3641089937,25.3689088648
0.853678130699,1036,989,48.6251623237,23.0644118274
0.874874205859,1041,827,57.9267296207,13.2666370957
0.411958519173,1041,847,49.7110403483,19.5463038371
0.479673811584,1044,1107,62.8928741905,24.7905889247
0.963124566813,1044,778,51.7115718414,22.1755431162
0.778186667293,1045,1218,61.8394942061,20.2686510118
0.227232898371,1045,844,52.8163044094,23.876650359
0.966817645821,1045,869,64.9829066876,17.0317945758
0.543568747978,1046,1030,47.9812737139,14.8763454496
0.999696277567,1046,1069,58.3695863153,19.2535644889
0.992502329722,1046,1111,57.7448194129,15.6298981634
0.872863559541,1046,869,50.8585261675,19.4220619137
0.430041357439,1056,1015,47.5354411286,27.2326031181
0.965386293527,1056,942,54.806722999,21.7766926925
0.803850206111,1059,1213,46.4662593725,20.6412037842
0.986887185964,105,157,62.4202119824,14.0792755031
0.92436864984,105,249,49.8692869825,16.2104824359
0.982642128503,105,34,55.2668602232,21.4305622298
0.925991204401,1061,1062,59.4652467991,25.2874676043
0.350667818144,1061,1185,67.0675809869,20.1339597519
0.718963367834,1061,937,57.9628532826,16.2726945727
0.486198200051,1062,1061,52.3972601949,19.4694300669
0.972289258227,1062,1150,66.9722549338,18.4991633297
0.99446222273,1062,974,55.0957263533,21.8469955479
0.969639601167,1066,1066,51.9144150334,17.2097135716
0.824026849542,1066,1170,55.7220508193,21.2868729992
0.329543460463,1066,1213,47.9057714191,22.1519133796
0.66276285212,1066,923,60.7566699383,22.6195952968
0.857853048234,1068,1032,65.8626713266,14.4119996084
0.989763102493,1068,834,44.4652203987,13.3592467686
0.963953968726,1068,883,39.2377778451,6.55538140238
0.945193372551,1069,1046,44.0886360434,20.3584565944
0.439386355453,1069,860,61.6940701272,22.9094644442
0.950426180598,1069,970,55.470328171,20.8737092967
0.821190379344,1072,1072,50.9565062212,23.8979178573
0.784229299648,1072,1137,61.430641647,20.8117331791
0.292172029313,1072,271,64.3776885139,21.2275585392
0.38526756722,1073,1151,64.0436845395,22.2780397515
0.37278988588,1073,1185,60.9869874903,19.0112108875
0.271957691307,1073,987,64.8479792313,19.1468142445
0.504625640153,1075,1157,65.3177658041,17.3246436476
0.639389038335,1075,1159,79.188227738,16.7831261045
0.488642049138,107,131,51.4464946347,17.6538129952
0.983359926426,107,46,52.6352604521,16.7792400146
0.713975100511,1082,1127,52.6667802609,20.7563305545
0.939184057247,1082,796,54.2370122736,26.4861346948
0.893614205378,1099,1157,34.8040047238,22.095358521
0.990377224348,1104,1104,42.2490653223,20.343224478
0.885870425495,1104,1145,59.4865343293,17.9077321143
0.99892904832,1104,12,57.3977206392,24.024116251
0.701540201558,1104,1209,71.7981502351,18.6782235624
0.251689338972,1104,121,62.2569505371,25.1782935041
0.971083112719,1107,1044,48.8423896368,21.1260979806
0.802571203763,1107,791,58.173224958,24.6003264744
0.527967131309,1107,852,53.7201019702,20.426362115
0.373803564766,1111,1046,52.1175512551,20.780943982
0.618063330466,1111,1215,57.6613640926,18.8678108662
0.816480502433,1111,844,51.8423680761,15.6869799568
0.979440481845,1113,1160,71.8259696797,16.1548794583
0.996158268982,1113,906,67.045077528,27.5323114487
0.996371943952,1115,263,45.0985403529,20.692059725
0.990777805603,1115,842,54.6575749678,19.307691506
0.777300460756,1115,989,47.8951900026,17.475490187
0.358906218914,1122,1009,58.0382157794,16.999402704
0.980888934654,1122,1186,64.6507254147,20.0264194107
0.763305647375,1122,804,62.3296507479,19.8357416173
0.645787908712,1124,1009,56.4748870781,20.4228472702
0.885417356882,1124,1135,64.2690885043,18.5360359071
0.94408816958,1124,1191,63.5989454245,25.4917939736
0.390962048676,1125,1059,52.4827857166,27.3237929908
0.857275419574,1127,1082,44.7919785739,23.5214883895
0.869999245556,1127,967,53.4377477496,20.7303613303
0.246513573619,1127,988,56.9884001565,19.6240037838
0.449837828039,1128,833,60.371969195,27.2660009352
0.892541523615,1128,903,51.5689144947,16.0787550848
0.95887458168,1133,1177,59.1258787725,24.7692723915
0.366841834531,1133,1182,62.2337623717,17.5508069729
0.334476128193,1133,960,53.3235546125,23.3284466149
0.979125086596,1135,1124,67.8433159413,18.2109906948
0.508191496898,1135,927,61.4881349268,20.7738271598
0.957050240872,1135,955,57.8872077035,19.9199278072
0.840300433312,1135,982,57.3178587497,24.9473868705
0.517100166065,1137,1072,64.3837335811,21.8406988853
0.958073491791,1137,1137,48.686240456,22.875568458
0.636533431489,1137,1303,58.5685523761,22.1297980783
0.905696498743,1137,25,64.8740749445,20.226726375
0.56171367924,1137,871,41.2581479175,22.1301240592
0.361815812243,1139,909,51.0373799829,13.4244507671
0.897005091815,1141,821,63.1713747486,25.7393108553
0.871713957319,1141,918,55.2077340773,26.6853767334
0.537131405993,1145,1020,54.5490350194,18.3287667794
0.591367324192,1145,1028,52.9118602864,17.4833922582
0.974810460795,1145,1104,69.2552107757,17.0884223976
0.737481993805,1145,1207,48.8537528702,13.5415478469
0.916433236179,114,114,51.5217107232,28.0445365155
0.965487692422,114,322,53.0494104225,19.5307916202
0.893738571772,114,69,55.1069968707,13.6751495087
0.596691490894,1150,1016,64.1084309868,21.833430828
0.946123484768,1150,1062,55.5671294838,17.4325762896
0.353840712914,1151,1036,49.3598470639,22.1135414455
0.997326108444,1151,1073,45.0607634619,21.4698384054
0.802901750938,1151,1151,46.8155540407,31.8528149892
0.532052937166,1151,1232,56.160926898,25.5405034833
0.388258498307,1154,873,58.5921948131,31.8207269655
0.898238641979,1154,967,61.3953591525,13.4028375309
0.522673730512,1157,1075,74.1543171796,21.0537115145
0.968974730476,1157,809,55.5260897534,22.9291049976
0.827862079402,1157,901,48.4342589769,21.6481184177
0.430685570575,1158,233,64.7729454298,23.2925449216
0.718430389149,1158,371,69.2944191333,20.4458262228
0.977086152783,115,149,49.9827546308,18.7392778629
0.301701552636,115,448,47.46130663,23.590047255
0.993504354445,1160,1113,66.3937582447,18.3024006249
0.986577295023,1160,847,65.7964960339,25.0553332136
0.854617298793,1162,1211,53.542107565,16.9952825005
0.733617023886,1162,792,56.8773155144,21.2771382371
0.996198902244,1162,994,50.9622032546,15.761642431
0.872280704359,1164,1141,62.1687657386,16.8075663021
0.749029370835,1170,1020,59.847738112,16.8233387871
0.89012416949,1170,1066,56.6060044386,22.0336475343
0.359978168194,1170,915,53.0179777118,17.6878138926
0.453227171367,1170,959,51.6715953868,24.1060280378
0.496721744563,1177,1133,48.7411949031,23.8243731434
0.614238219419,1177,969,46.5266081603,11.8323993408
0.984743453272,1179,1056,56.0080288439,25.5200151429
0.668000231891,117,219,54.4246606748,21.0320413313
0.530544320111,117,333,63.7472896081,19.3174312627
0.944674081998,1182,1133,48.3442032241,25.2265383233
0.317085109877,1182,822,63.6552370706,17.7934654979
0.497749950706,1185,1061,56.1277666818,23.6925658519
0.763483081548,1185,1073,66.3332111171,17.2532662754
0.0903250193223,1185,777,63.1945545368,20.9609080171
0.928464124341,1186,1007,55.2422468984,19.1295377094
0.931369202892,1186,792,44.3519589844,24.3213352738
0.447596056325,1189,887,62.3620211096,20.5575545756
0.3552019437,1189,987,60.6157990256,23.8972229901
0.817977438255,1191,1124,51.2924113615,22.9881378211
0.423339219088,1191,1218,54.9505784954,20.5134206767
0.970182530694,1191,867,57.3458485591,20.2372184741
0.690223134667,1191,973,64.5686825434,22.846949378
0.411660047217,1203,1030,68.0353212289,21.3982518741
0.995546260479,1203,772,58.1669505714,17.2620561382
0.606703359242,1203,790,57.4682210709,23.3781797398
0.928880910396,1203,818,57.5697028144,22.7934278466
0.520541664563,1207,1145,56.8599212153,22.5622649441
0.62101525868,1207,799,52.8107503386,18.3175129814
0.96068862179,1207,806,56.8003923279,22.1893381314
0.987937974115,1207,818,52.1196357601,23.2189654759
0.965681025011,1209,1104,59.3584716982,19.4571480349
0.796809195087,1209,1222,61.9839989517,21.8279445222
0.930381523572,1209,324,51.8407193155,17.6433957777
0.927131265569,120,62,53.7565785445,16.657127515
0.654627228282,120,89,61.2539135845,19.3620413866
0.894746291993,1211,1013,52.6925965442,21.3011661849
0.729860601872,1211,1162,50.0339915472,21.6828728062
0.906677594832,1213,1059,40.124100598,20.2104063831
0.987035858878,1213,1066,50.1842084852,22.135228167
0.921031283955,1213,888,66.3505849834,15.5328030834
0.948946635887,1213,959,53.1422121969,22.3601928351
0.806259407894,1215,1030,57.9370707477,16.5097789622
0.363225069537,1215,1111,48.004458566,17.8522440852
0.521903506226,1215,799,59.2244463857,21.4478355354
0.291156746689,1218,1045,53.0400078494,23.8674495752
0.692625124433,1218,1191,54.8146765265,20.7063550521
0.984754439779,1218,986,59.7691594602,16.7744157766
0.827751626982,121,1104,57.9808407854,20.4655658649
0.530910633876,121,307,63.6459663576,22.1459925241
0.615910377084,121,915,59.8382211306,23.1414862803
0.794465012501,1222,1209,63.1518525308,21.0527870264
0.725006215876,1222,1222,51.2127675334,21.9873610627
0.789659780975,1222,233,64.1410947761,20.9107747179
0.998199893273,1222,886,58.9648147515,23.485523602
0.99050692246,1229,1229,43.5357839216,18.1644232445
0.444448559264,1229,895,52.2631625263,20.088158802
0.526978004501,1229,987,50.1314108669,20.7498229372
0.975699073255,1232,1031,63.5667715093,21.8983882666
0.583571725876,1232,1151,48.2118524731,26.83952263
0.668364960862,1232,901,64.1552522479,23.6980900208
0.360293096429,1233,819,56.0984540946,21.3169421746
0.553373988517,1233,820,55.0240333247,20.4103633908
0.965551463685,1233,886,53.9438094943,22.1932481576
0.728130688445,1234,1367,48.6881156011,20.3080215851
0.365608214837,1234,1373,54.3120324847,21.3404107639
0.970708341215,1235,1325,52.4368713249,18.5399819028
0.915104230478,1237,1246,61.3175483431,18.7911890632
0.825182585582,1239,1341,63.722365159,23.9985134816
0.507932338215,1239,1343,54.6576073552,25.8951456424
0.863201056228,123,238,50.3420599592,22.641094031
0.707022079846,123,257,51.3010305158,17.209340483
0.559477949784,1240,1310,53.8712441846,19.3504507164
0.243857369659,1240,1344,56.8944715054,18.6593111149
0.920870321375,1240,1377,51.2249496529,16.8846456661
0.27702920613,1244,1322,68.9014470653,22.3009689379
0.87909775719,1246,1372,63.0320707665,25.9353078
0.965752572951,1247,1261,53.2442695175,20.7240764151
0.950443024108,1247,1332,62.3359963928,20.5157022626
0.886402506298,1249,1269,63.7010241912,14.2292220353
0.972147859781,1249,1386,73.4798318295,11.175780268
0.994031999318,1250,1261,50.8895172673,19.3306915131
0.855538144615,1250,1286,51.0465843018,19.1793158807
0.419553580108,1251,1346,68.6734819804,23.6663433204
0.815734646988,1254,1392,61.3830559292,22.4319831237
0.117344167438,1257,1300,81.9735786761,11.8432204327
0.965731858128,1257,1314,59.0224962985,21.7396712115
0.98769909349,1257,1334,57.0662707804,19.1509527498
0.822478549295,1257,1355,69.0493962286,13.2926596563
0.886556298602,1260,1260,53.8536328063,31.8063008168
0.997678959124,1260,1400,62.8156180495,21.2325703807
0.467396511823,1261,1247,62.9409465414,21.559105269
0.681654584916,1261,1250,55.4673928734,18.8041238522
0.679220318626,1261,1278,65.1073160423,22.8024230041
0.83825479435,1261,1371,65.6511024346,20.1376841443
0.984959227029,1262,1293,58.3656387149,20.3297462224
0.236939971779,1264,1330,51.5704303475,15.4006670588
0.974312275703,1264,1344,51.1457847131,15.7386892227
0.790755955405,1264,1382,50.6083004252,21.5773681058
0.795907487762,1264,1402,51.1165987136,18.9424856541
0.945412122682,1265,1269,67.7523991882,23.3677552987
0.636666910122,1268,1336,55.3625804226,12.2450739189
0.977378866236,1268,1344,51.4151783282,18.4624951868
0.981561918118,1269,1249,55.9693895306,16.442248279
0.94313073311,1269,1251,65.3140340968,22.1348606194
0.89751329714,1269,1265,68.1468617492,20.5099302728
0.996281652964,1269,1335,63.2032065808,19.2596400987
0.849289416765,1273,1314,67.8640130779,14.8731771048
0.922027097113,1274,1244,62.1805991605,20.2788116336
0.159455025656,1276,1340,68.6189603253,19.4090984614
0.965805349247,1277,1323,65.9474329618,20.122029064
0.914101980314,1278,1261,53.0338788779,21.2429244216
0.854933958789,1278,1332,54.8783460213,24.7764877999
0.66484760656,1279,1294,58.2972814089,17.023002659
0.860654012565,1279,1334,68.4265903221,22.3047546331
0.899268167622,1279,1367,60.109517754,22.7849631028
0.79974488728,1279,1381,60.8062133409,15.9145528816
0.816508662387,1280,1297,65.9251318334,15.0536633215
0.530040297699,1282,1333,49.3512083201,21.9569138956
0.809835922669,1282,1362,65.5820124973,20.9863282732
0.743714270171,1282,1389,50.0816849929,16.1625636383
0.407868288154,1282,1395,54.0989090522,22.5021451437
0.548263713572,1283,1277,63.1336352251,18.4623874472
0.188817509617,1284,1303,50.2824843895,21.1069366695
0.881292794909,1284,1382,41.085183057,16.7375196064
0.893323071876,1284,1402,48.8012951278,25.9851613496
0.542461491804,1284,871,48.9827273324,21.7393522412
0.991558611731,1286,1250,57.1010804442,16.4936998834
0.891619061811,1286,1292,55.5496193615,22.4218510078
0.602550657473,1286,1367,64.0860556657,19.1134501524
0.828865136773,1287,1236,84.3923472451,9.79851752007
0.652442062748,128,172,70.6082971564,16.8343342933
0.879266875831,128,268,59.7234155136,20.5271685654
0.924377777228,128,463,54.3755340956,20.6103064336
0.365602249532,1290,1349,66.6716493575,20.2737927742
0.990886166382,1290,1369,62.7027180997,19.0366432911
0.738162495142,1292,1286,65.1316178632,12.6891750674
0.498902525778,1292,1325,53.4340277073,22.4335962012
0.963631076523,1292,1373,56.8507282944,23.8516569612
0.965393473294,1293,1260,58.0756527163,13.1010590623
0.911513648742,1294,1279,58.5350588029,27.2214075209
0.829458456632,1294,1335,48.7866434601,17.8143949958
0.99999343871,1294,1354,53.4593889945,19.7228284616
0.914210612173,1295,1386,62.933973035,16.3202461534
0.914787572322,1295,1395,68.5072692898,19.8246731767
0.999713009561,1297,1351,55.6294890596,22.1166520577
0.538912634123,1297,1353,69.2648176148,21.1441214454
0.998035177083,1298,1332,53.2463419692,19.0579539963
0.91658271101,12,1104,50.0789341972,19.6723933696
0.837148840212,12,307,62.3119413256,20.2702394132
0.479360278979,12,324,74.274263573,22.8917174479
0.91771842276,1300,1257,72.3690195749,18.0247960676
0.310665944474,1300,1328,58.2175719739,16.9583423358
0.334958439366,1300,1376,61.7417140859,25.3874260364
0.800479948496,1300,1378,57.1640004731,22.0073206559
0.350752608136,1303,1137,60.2395736506,19.9665543572
0.332738893931,1303,1284,45.7264391075,22.1197289368
0.979648158579,1303,1303,45.9289956011,23.6674330258
0.97002170242,1303,451,57.070186277,21.9626641032
0.67352256304,1303,463,66.1601791907,19.2485998894
0.975689242167,1305,1283,60.1444673038,17.9964070041
0.818257558446,1309,1333,68.8388827741,16.0682585856
0.746476517656,1309,1341,66.3605445254,23.2133881671
0.985173198061,1309,1386,57.3645272915,20.7622023057
0.699955247114,1310,1240,59.830520995,19.4944143167
0.611295603248,1310,1362,63.5780484872,15.8870463679
0.898183161003,1310,1389,55.8119554036,21.0325149517
0.973404872465,1314,1257,59.6579341828,19.4309345786
0.981398068275,1314,1335,69.8567980617,23.3232372576
0.719616230288,131,107,45.7018009999,17.9161505342
0.930294425082,131,465,57.2435986933,13.3981300466
0.711861966781,1321,1275,57.4266807448,17.2026659431
0.677499825784,1322,1244,53.9827671258,22.6608782747
0.286811852886,1322,1375,67.3076497207,27.7526439017
0.515055529904,1323,1276,51.8240017403,19.2006842602
0.856535767395,1325,1235,43.8739522641,17.4212146458
0.853785838671,1325,1292,66.4385532043,22.0301094628
0.369489542842,1326,1329,49.8900860205,19.8685909261
0.984030135406,1326,1330,57.2869198355,17.7680954722
0.725378968258,1326,1343,58.9367274081,19.5780107797
0.301007708067,1326,1396,46.3220038396,24.5224409996
0.377785060494,1328,1300,56.5406905551,16.7555531531
0.737682069413,1328,1377,67.2197206688,18.4355541572
0.880804969617,1328,1384,59.7825412062,21.2712803136
0.915009479212,1329,1326,48.0141520073,21.5860789482
0.998585868751,1330,1264,54.5754830213,15.0358326219
0.940149893068,1330,1326,65.3394576653,17.487697532
0.71951062081,1330,1345,42.2769168673,15.7509470625
0.920032464723,1330,1389,54.0265304772,22.9628577989
0.599483745467,1332,1278,57.702820205,24.3719003713
0.86092598561,1332,1361,71.0006152492,19.054502416
0.841870698153,1333,1282,58.2643284606,18.3971350483
0.936033078626,1333,1295,58.6485829908,23.1901325876
0.494435379675,1333,1309,45.7145512433,20.2715744095
0.978392433129,1333,1396,55.1464841395,23.7112758575
0.451056996268,1334,1257,52.0384554078,26.5733026266
0.988969678262,1334,1279,53.744391489,22.8145501687
0.829286102047,1334,1335,55.2857880543,23.4503768532
0.487483343529,1335,1269,54.6147312729,20.9820551427
0.708808099199,1335,1294,54.1608649359,24.5014362923
0.978690918021,1335,1314,61.7519398365,18.3878305231
0.280893137026,1335,1334,48.0860076585,24.0720246223
0.999999070774,1336,1268,55.539175157,18.7024898846
0.781897521149,1336,1384,56.5244022517,20.8133609976
0.752493671162,1338,1385,48.4137532572,11.839005981
0.341320601279,1340,1244,71.6808810474,22.4021767086
0.897155048045,1340,1364,63.3348692074,21.2140608395
0.829503869458,1341,1309,76.7658326059,14.7192223618
0.833995333415,1341,1369,62.9195622384,18.9425560683
0.869382946327,1343,1239,52.808411971,19.7343548506
0.642215414838,1343,1326,47.3484990019,22.9370000435
0.829104232852,1344,1240,45.5240996154,16.1767747193
0.219406421917,1344,1264,55.3760954346,21.94750002
0.400884459146,1344,1268,63.1554419321,16.002701612
0.215678598986,1345,1330,53.419819194,19.3620208658
0.833321277526,1345,99,49.2776646497,23.1397264589
0.999740520833,1347,1354,60.9380483646,15.981569989
0.523212419354,1347,1367,70.2568525794,28.7625492543
0.939592955879,1347,1394,59.8127478085,19.0041556964
0.726538324761,1349,1290,59.9557781639,16.0310955193
0.889159682802,1349,1400,62.8794614948,20.0600821412
0.945188945524,1351,1297,41.3180159054,24.8459718901
0.856019020625,1354,1294,51.8908760489,16.8200972864
0.922752122762,1355,1257,67.0671665405,18.3104270387
0.957409444926,1357,1254,66.0976276891,16.1541637852
0.997005646198,1361,1332,67.328594896,19.6355502747
0.994176271596,1362,1282,59.2587932195,21.1282374723
0.894379570952,1362,1310,69.075581894,16.6461640084
0.435963044489,1367,1234,48.5190240725,19.0151859751
0.994371111533,1367,1279,65.094226549,15.4478844481
0.912024694257,1367,1286,58.6843492997,23.2593266052
0.802474920524,1367,1347,55.1708585032,24.6659640865
0.891077650374,1369,1290,58.7364603639,18.9205160513
0.722145302752,1369,1385,60.8395830781,11.3506163812
0.64065829914,1371,1250,48.6647148686,26.3337612383
0.737644694244,1371,1261,60.2684538852,24.1807933539
0.801913031264,1371,1325,72.4105548288,23.4245969941
0.995465705669,1372,1246,67.4895069176,17.6886617325
0.705979636766,1372,1390,62.7468347863,22.9651245282
0.754004591912,1373,1234,48.7529490771,14.1127179656
0.401216853905,1373,1292,58.2357854582,16.085345711
0.937683695642,1373,1373,42.5517165178,13.4248516104
0.521028603769,1373,1378,54.716835138,21.008218998
0.941754899728,1374,1357,63.8375679224,18.1087543168
0.869861407834,1375,1387,67.5174346969,23.7665470073
0.973652413456,1376,1300,51.9228960481,20.9486777867
0.619711094335,1377,1240,61.2824699066,18.7540521986
0.545701364109,1377,1328,55.4958552761,27.9405956204
0.992024025852,1377,1395,58.3540813267,20.3233049442
0.918595741784,1378,1300,47.7304450274,18.0358587817
0.384780599477,1378,1373,51.6449444556,16.7955068034
0.919866916674,1378,1376,48.3112800263,15.8410570046
0.988119468496,1378,1378,38.4823523711,14.1535117403
0.996730301992,1378,1381,64.3811123248,18.4235026884
0.945271627766,1381,1334,54.7027493523,23.5173961888
0.80096583342,1381,1378,57.8135461655,20.8298862143
0.509038499476,1382,1264,48.9788994794,19.1974747079
0.846843683116,1382,1284,45.8836145014,17.6949459309
0.83260661149,1382,1384,45.4331931252,17.8757047801
0.501228022252,1382,871,65.7863757769,20.4860526287
0.335902844255,1384,1328,48.0621422057,19.2523370619
0.358818391026,1384,1336,60.7078582724,18.786514573
0.946974823644,1384,1382,52.7540600442,22.0518760584
0.983387104126,1385,1338,51.141439063,11.6567337743
0.310078112383,1386,1237,66.3082073417,13.1497348533
0.502589243182,1386,1249,60.2747405164,17.153155111
0.919999067546,1387,1254,61.4977229139,23.8202432869
0.0804453672933,1389,1282,48.3399345565,22.3711067361
0.633658088848,1389,1310,61.6786854246,20.5390486735
0.963063869867,1389,1330,54.2717157278,18.8801454017
0.998143525169,1389,1396,57.5651288102,17.1145190163
0.970417962829,1390,1321,60.970268727,28.2072937589
0.984043260337,1392,1287,75.9897573995,11.2466123969
0.873404531834,1394,1347,51.5985344832,12.3491015782
0.575648864926,1395,1282,67.3489598048,25.7588798536
0.967475653698,1395,1295,64.0025257818,18.983043123
0.983431135714,1395,1377,52.4551918596,22.2459150788
0.903461265079,1396,1333,44.8304312079,18.1306591903
0.963592009124,1396,1389,66.1916481035,22.2881409389
0.946288427274,1400,1260,72.2979638386,18.8560948089
0.94684780596,1400,1349,65.2214915739,12.5427618293
0.747699946852,1402,1264,54.4077919731,20.8554826678
0.469191623321,1402,1284,51.6196726318,20.5358723429
0.931822451351,1402,1345,64.6511158993,16.80843056
0.715037087885,1402,451,52.1386074138,20.9975499267
0.53556683244,140,263,33.05762472,25.2564128544
0.241780312288,140,431,40.3405086184,27.696291242
0.984549965223,141,195,69.3703326588,13.2810583323
0.699026131681,143,39,53.9506555097,19.1251630409
0.857363545073,148,148,49.9403158198,22.4890306995
0.763416493695,148,222,53.2644223739,20.7717925881
0.98866638872,148,226,51.9166577115,24.5571489821
0.917015082895,148,251,51.8381200002,19.2846967155
0.137223350703,149,115,51.4973632826,16.5694297704
0.834948552933,149,359,54.2698036957,21.313164018
0.969276345723,149,388,56.52400847,19.6447251496
0.953817171185,157,66,53.4279860613,13.9942423397
0.954784118231,158,75,57.7473650576,6.72872483999
0.648195749009,160,348,61.9396792636,23.1544527954
0.704954064646,163,50,48.9612601661,16.0257220879
0.845100388471,163,63,68.4762316363,25.8733419729
0.836985811595,171,311,54.4982802513,18.6233600224
0.998263321783,171,34,52.9187391607,20.3361717076
0.270629394051,171,79,45.5831992809,19.6133344237
0.978608726311,172,128,73.8663818671,11.6533541196
0.991438692014,172,235,52.1808475724,15.6607778736
0.818555507627,177,66,49.8098486836,11.3739144368
0.840417585546,186,376,65.4797752453,16.2310168807
0.513898591918,189,227,57.402777138,17.5180416716
0.321699580041,189,40,75.6747514408,15.5226672906
0.955188145334,190,1,61.01155335,20.7937866131
0.0790221610346,190,200,53.1510060331,27.228568134
0.816243507006,190,219,52.7751145513,18.6628178489
0.989471387283,195,160,72.9089978447,14.4509604397
0.552898564947,196,328,63.0850483316,20.0537590982
0.24927406868,1,190,54.570413209,25.2313713312
0.951679973479,1,333,62.4679987685,20.7204366755
0.532750273765,1,371,65.0614424488,17.0945223519
0.738032098005,1,392,74.7116649497,15.5867121314
0.899982547999,200,190,53.2849137421,24.8469462246
0.413565210039,200,323,62.3900095562,22.8461066309
0.940207357365,200,35,64.6863677261,25.310880986
0.718314922267,203,414,56.5835043068,23.6299762201
0.912898390888,203,431,60.7777830924,18.8894661179
0.133109666836,206,79,48.9679415376,27.8604661082
0.90000900614,209,219,51.8166214618,15.0845284684
0.879948891747,209,69,59.3577433659,20.0134849114
0.975225806267,216,8,57.6861073255,22.1773330483
0.493041657581,219,117,60.868355312,19.2109312715
0.951036793138,219,190,61.2278369785,20.4789453926
0.699095234437,219,209,50.9589376959,20.7207727845
0.823497747299,220,359,66.7971060762,23.123932163
0.964783424798,222,148,54.1676221179,20.8337073508
0.802551760958,222,222,42.1429032158,26.6141027876
0.915855002506,222,465,41.9209813811,17.057037852
0.733301141005,223,249,56.0540222147,19.3832339657
0.900764969798,223,85,53.0555279545,17.8911461366
0.908188568354,225,46,59.4096652061,25.0964226647
0.810843344403,226,308,59.9815366069,13.984691318
0.910826800129,226,312,58.5551407643,22.8283200859
0.280458756778,227,189,72.6631421513,17.1316001912
0.629246561527,227,329,45.6784171542,20.6622766443
0.489722853634,227,388,41.3083239478,18.2665646478
0.944242480784,22,258,51.0857171101,17.6016379347
0.988897288858,231,101,84.357380593,8.06008148324
0.625613853942,231,37,59.829113657,14.1584781377
0.573808134987,231,5,65.2481473405,23.2459189492
0.488381986393,233,1158,68.7438327392,21.9846689682
0.859377387712,233,1222,52.8425237851,20.8130741931
0.706869313531,233,324,64.8950779396,25.5417667914
0.970912456117,235,172,57.4962929217,16.1017007594
0.545428244976,235,235,36.7175076132,27.244028153
0.214552693226,235,340,65.0144968792,16.3100250233
0.904456070982,235,406,73.0406298435,17.0828614112
0.977946042442,238,177,61.217799596,15.1759225942
0.923812110026,240,115,39.4329303141,23.9606452231
0.747360906267,240,329,44.4353509411,20.0873505257
0.897714937641,243,1358,58.8173340538,18.5350040203
0.696980345732,243,341,42.1101831468,19.5652862178
0.833385730466,243,8,61.1834714932,23.3701335555
0.999423636866,249,105,62.0929649092,21.8372684809
0.891813791238,249,223,60.8044275818,20.7348143457
0.19351240151,249,444,49.261877143,18.0435489281
0.866497541084,250,99,52.5816327383,14.1081842175
0.616729944766,257,123,54.8441347331,15.192909903
0.392277113306,257,197,57.6625614925,10.5625894779
0.911081910322,258,186,58.3513893617,15.8143454935
0.92037708402,25,1137,62.7206827892,14.4098654442
0.859513324726,25,25,37.2210441133,15.2093683047
0.985196659431,25,37,65.1584795307,18.4745163252
0.860870137908,25,463,63.1960279636,21.2944401166
0.950491683358,25,5,61.571215907,19.8108334842
0.884166984205,263,1115,44.6068718327,22.2948921227
0.988550219277,263,140,53.1658859472,30.0118528598
0.972549443657,263,393,42.690228487,24.7651380839
0.563962860321,268,128,46.5609608733,21.7721385559
0.985933113374,268,451,49.9349892983,17.9119032348
0.889935978568,26,336,43.373156096,20.2635239713
0.852218332251,26,5,61.1190336068,23.1475553886
0.911045699832,270,392,57.2571051858,26.2601190736
0.748810637621,270,433,66.6687560219,10.2012653738
0.635062267537,271,1072,54.0118811984,21.2308847775
0.652894814513,271,336,62.0805177001,22.5737171743
0.862044228513,27,312,65.8505624294,15.1838190649
0.257001699188,27,423,55.4545114023,19.3305305124
0.968748694408,288,448,51.702050162,19.3776903817
0.966577541488,288,46,39.7698042137,17.3322536762
0.931375949964,288,461,59.1272385292,19.6148709716
0.952123412489,291,143,56.1287668277,21.078835372
0.970887429034,296,358,67.7170040164,15.5446394774
0.944148395077,306,231,61.6928058574,19.3620484147
0.836377937721,307,101,58.211436742,22.7200400678
0.655069401286,307,12,65.6023038117,20.9816260735
0.51311182916,307,121,60.2818625697,20.5222254162
0.986782666593,308,226,56.0846410654,20.8697314704
0.434271004983,311,171,52.6848109182,22.3977174852
0.991353537615,311,444,52.1003949036,10.5259970069
0.969531259147,311,89,59.1453577944,18.8579471638
0.978532350193,312,226,63.5074529282,14.256112588
0.107058415209,312,27,57.0588170485,23.4985571109
0.958220880855,312,465,59.940278204,20.4558161549
0.154276675699,322,114,53.8202644539,14.5639222788
0.906171237482,322,87,62.4886910592,18.560906005
0.888566114332,323,195,68.2992429411,24.4964478163
0.588028234409,324,12,67.3494259353,24.9823235248
0.955614120506,324,1209,64.8088942333,15.8300737754
0.380113914571,324,233,66.0215164634,25.9424963646
0.42301107348,328,196,64.8107653581,13.5761017692
0.692838650544,328,62,64.1716008228,24.3078680765
0.584873387403,329,227,65.6837896064,24.0043582226
0.451301520792,329,240,37.5053222147,14.161687027
0.885530738075,333,117,65.5490330733,16.6691443676
0.446653493553,334,417,79.0505860433,14.8116505863
0.81405929014,336,26,54.9054518096,22.6746058631
0.711878069396,336,271,55.8444106539,22.4496955787
0.524345828074,336,5,60.5547541878,22.7556623654
0.976069320444,340,235,56.9064364563,11.6017179047
0.635310799873,340,398,67.5610788808,13.7789790412
0.973890537233,341,243,56.0709629649,24.3664446287
0.787590738287,348,40,58.2174660792,20.4826048541
0.478517815285,348,423,61.8312511964,20.5707409257
0.945337783938,349,141,66.6513664026,22.4317385947
0.564140097918,34,171,58.6679574102,14.5743990959
0.22787878507,359,149,52.5417297132,18.6454963909
0.938533599537,359,220,58.480158374,20.0523050028
0.238075698505,359,400,52.3029843082,20.3726746952
0.924886383402,359,461,52.6440563908,13.2376962326
0.701612471022,35,200,61.4435472183,23.1712191919
0.819514881939,371,1,64.3557317416,20.58541151
0.952087344921,371,1158,70.7223553677,20.5545521598
0.966037600539,371,323,67.4326221348,21.3345375009
0.908356143368,371,414,69.340617837,15.5931372865
0.803728996084,372,97,63.765895307,14.860939999
0.92270738384,376,75,63.5271920474,16.9084972052
0.914475726045,37,231,62.7416363033,22.3283659152
0.620904546518,37,25,62.3989930718,19.7218488819
0.996900457464,37,406,64.2019900764,20.3801955833
0.517450323355,388,149,61.4591923268,23.1630645381
0.58761569201,388,400,50.3603736449,18.805389771
0.624780663152,392,1,50.4135094116,27.513783565
0.26945575485,392,270,65.9830572355,21.9322962867
0.864995360733,392,431,60.2292008182,30.3045612168
0.835023255508,393,414,48.336544298,25.6078127966
0.979358809159,398,158,68.1942376747,16.4272179923
0.214424824837,398,340,69.0817369501,13.6352995679
0.737804744796,39,76,57.8934354232,13.8546698969
0.730933704076,39,85,57.5739368528,17.6463189277
0.453066757295,400,359,51.9871351417,17.9132201387
0.084318416452,400,40,53.3138808264,21.5984927939
0.562896950156,406,235,69.0678300898,16.1901003464
0.851929310778,406,37,55.3690087927,21.4730061051
0.825367076444,406,463,58.4103656107,23.8346950387
0.994637189503,40,189,59.1365085895,16.9029799296
0.691952371687,40,348,61.4413520405,22.8008171198
0.648149438528,40,400,51.0617944915,20.3273749085
0.894818728648,413,182,57.1878442977,16.0566201215
0.994880704444,414,203,59.4524093618,18.5051029119
0.598762134235,414,371,65.8226546524,21.8026198706
0.945216551473,414,929,54.8692696591,22.3440472713
0.627919522583,417,50,67.2903111992,24.0719307524
0.377258116111,423,27,64.8695943387,19.2024703426
0.210351169823,423,348,54.5312287885,23.8511672142
0.224314524011,423,87,56.8717319882,14.2217874283
0.581570422,431,203,56.2605562366,25.7555275641
0.838163177982,431,392,68.1167195014,18.2818169784
0.703186765063,433,270,45.025263768,24.0314694489
0.503241679433,433,372,54.0328241694,19.5468954725
0.942768210068,444,249,54.9837385727,18.140902014
0.350898228269,444,311,54.1184617949,19.5242239148
0.99221376536,444,456,61.0852744727,21.8770570681
0.691260380667,448,115,43.3307546526,21.3593987304
0.866910292828,448,288,45.4109281456,20.9475401825
0.999745658493,448,95,48.7032159152,19.9592622032
0.852878995767,451,1303,62.1526177615,22.4342579343
0.36386656341,451,1402,62.6284639517,20.716822406
0.903248414815,451,268,50.9498327769,22.997981315
0.943379568598,451,451,47.9150927323,24.3535472636
0.878773064239,451,99,56.8890746362,22.2072437391
0.709903759101,456,444,47.0595184501,14.0651947516
0.992251457058,456,85,60.4167507186,20.105697902
0.897913151403,461,288,59.5107355809,18.5288513276
0.992596938689,461,76,56.6499508581,21.3197414512
0.669602708904,463,128,59.7891965956,20.1812158954
0.639216359995,463,1303,54.7896394801,19.994785116
0.903794516798,463,25,66.2413790431,20.0305793538
0.560423877661,463,406,61.402324486,20.0879048831
0.819925574678,463,463,51.5121498349,24.3954169644
0.837093507209,465,131,57.7524354971,12.9127147973
0.177000468598,465,222,47.2463907673,26.4244634788
0.505415093069,465,312,56.7435288153,21.7175547603
0.91178020373,465,465,42.1234388163,19.8413625748
0.963701857585,46,107,49.4548084444,15.0736968451
0.988580163313,46,225,49.8158492074,21.7073790807
0.84036994993,46,288,47.8895590746,22.139785588
0.990660989066,46,95,49.4564819439,25.4411977884
0.953946073534,50,163,62.6200299546,23.1956154474
0.712147441752,58,86,73.6931128962,24.0271055447
0.378974827728,5,231,64.3060140117,24.7911528495
0.914771765815,5,25,57.6524303289,17.6377696743
0.819954625832,5,26,64.1494136606,24.9530158755
0.967620479218,5,336,55.9399048116,22.7111673567
0.985580609398,5,5,53.0884492582,21.8435069828
0.886566431579,62,120,74.4640563661,19.0145793379
0.937310901442,62,328,64.9960107447,20.078020635
0.597388735949,62,79,54.0627313274,21.6483125631
0.882723515914,69,114,56.407477839,19.6361304103
0.479190166637,69,209,55.681573529,15.987344867
0.858151225454,75,376,62.5695114476,8.28965221806
0.945448097067,76,39,63.770545991,17.8825215341
0.648521684385,76,461,59.8342704933,13.8708437487
0.533151185206,772,1028,55.4259514411,18.090267261
0.49624667793,772,819,53.042463079,19.2485842294
0.113884210604,774,895,53.0298044468,24.3782674125
0.564232138517,774,970,53.7913994586,19.6563388109
0.918461392491,774,986,57.6860907587,19.1074736483
0.796518220938,777,1185,63.6325357075,18.5162165902
0.956300027617,777,903,60.6026505088,17.9274504593
0.513955281286,777,988,55.1575941581,20.2798056126
0.522339247444,778,1044,59.670406073,22.2720107941
0.488776989728,778,833,63.8324533863,19.2531727279
0.77261961076,778,963,66.9591591556,21.5424924624
0.982670441475,790,819,57.5007593919,20.9972142758
0.967654428475,790,860,54.7317686755,22.7015163868
0.95285006879,791,1107,50.1529578667,21.189336036
0.415942604491,791,852,48.7152735362,21.6382401694
0.86870757238,791,936,53.1327956045,22.7090433123
0.387926375141,792,1013,66.3246937662,27.3648234451
0.849738940331,792,1162,56.2347028074,22.7082535855
0.654990994505,792,1186,49.9378367766,18.2610341289
0.444330613486,792,814,57.0155392502,23.6630034933
0.82497312476,796,1032,49.3848097049,17.9729167033
0.877322181451,796,1082,58.3267234715,17.654178493
0.994793362502,796,937,53.6500770379,17.4437313856
0.92138523356,796,988,54.5836575807,22.9355443834
0.934414228313,799,1207,55.0120041488,18.2151834317
0.690732833436,799,1215,55.3115257938,19.0632772186
0.991355538295,799,844,52.7256782842,13.0457220843
0.95249687877,799,921,49.1801686853,18.5457471455
0.248927389133,79,171,43.4004763181,21.0712107471
0.959101744013,79,206,46.968531873,20.8743098031
0.484837710774,79,62,74.9437705774,19.0139233033
0.992596718272,804,1122,61.8160507955,22.6391126427
0.103403668275,804,888,56.296291979,22.9651173169
0.890910228917,804,982,60.0895184812,26.2836388765
0.676212542466,806,1020,54.5932481114,22.9446137249
0.95894068501,806,1207,49.8630036395,22.6243759879
0.961662614625,806,921,54.1928479749,20.7350052633
0.920904356721,806,959,56.2560753776,22.0554882707
0.457719713826,809,900,41.2762091283,28.39809979
0.38562567238,813,921,53.8397649329,22.643258085
0.582569888947,813,955,53.4191864543,20.455344094
0.881703061548,814,1007,61.0298177371,21.625102329
0.706426786393,814,792,59.3637495331,23.5878896416
0.502163326506,814,991,58.1804679886,17.2481767401
0.896309781919,814,994,58.2841610929,23.8140157169
0.813307409836,817,873,52.4168178761,16.2603077057
0.817288914514,817,909,50.1435923902,19.4562708021
0.255635565339,818,1203,68.3674934555,20.2951240306
0.687501053694,818,1207,52.0785742559,23.8065857829
0.979203618729,818,1215,61.3464403297,17.884913963
0.798495523351,819,1233,56.9811865406,21.7107679056
0.91232550006,819,772,56.9276250589,19.793412156
0.994123403834,819,790,54.5742422698,21.7252242491
0.998758546898,819,819,46.17789807,24.6088715857
0.843365063059,820,1233,50.7529221808,19.5464476748
0.447347765328,820,820,55.1507205121,17.0879237353
0.838109440996,820,887,60.6235831795,20.2723238328
0.91863581568,820,970,51.2179428364,18.6367558014
0.603121276717,821,1141,64.2310088839,16.6462713648
0.325079258027,821,960,61.0565909622,38.7362049094
0.643117039593,821,999,46.5510257987,26.955341342
0.395763469368,822,1164,68.1543210608,13.2237175371
0.803895015841,827,1010,44.8379883572,20.2775402903
0.912831246199,827,909,60.4401321163,13.9128767169
0.998414695948,830,906,68.2361696253,15.1588920381
0.368274505408,833,1128,63.6187093537,21.453517234
0.641519444733,833,778,56.8830238142,27.0532752787
0.433933034275,833,852,53.5163532011,22.4488622711
0.47216498369,833,974,62.8457348061,20.6788627743
0.971024779075,834,1068,59.59528772,20.3145308133
0.979099592241,834,791,39.6479978962,17.5931170107
0.954221246799,838,1082,69.8322608496,14.0214502461
0.845051928487,838,936,64.0031750551,21.1519080888
0.873058802605,842,1027,58.8986434372,21.4385438407
0.726645184557,842,1115,56.8590922513,23.5628451713
0.378589361104,842,929,63.4988325316,18.2707203552
0.759161426787,844,1045,56.8703069061,19.0324222877
0.65739727082,844,1111,39.3832577983,14.1136095752
0.808239066294,844,955,55.9585353879,21.3246298104
0.494776155375,847,1041,66.7069187475,21.7621265913
0.98199350276,847,1160,61.3895047729,19.9874069511
0.875183278927,852,1107,41.6799731093,15.127103999
0.202674763406,852,791,47.9327792427,22.4408148279
0.426437598908,852,833,48.7323506286,20.4105481714
0.933884115434,852,883,52.0788906971,21.7458197364
0.483928558423,85,223,57.7060749631,21.4575386894
0.994073832528,85,39,59.5508479113,21.2521648969
0.70535258443,85,456,57.1876730509,16.4863918054
0.760810890948,860,1030,62.350113594,22.7767085171
0.659350256064,860,1069,54.2017810177,18.453516383
0.852098176348,860,790,55.3006592778,23.6130587474
0.842926504163,867,1191,51.5199501073,19.5658261679
0.737878673299,867,874,49.782305015,20.2345047934
0.991470899727,867,920,63.3926231948,17.502799778
0.706065583902,869,1045,58.1135491462,19.1983864708
0.891415547749,869,1046,59.3763790572,13.7419806062
0.428325766778,869,986,48.6059318626,11.9424308408
0.925338949303,86,132,63.8524403219,25.721068647
0.097276512991,871,1137,42.6120405964,23.7139025684
0.717728211401,871,1284,51.7889681491,22.0321662415
0.840007085876,871,1382,62.0069552187,22.2083367231
0.986764083077,873,1154,64.2907967632,18.4723348299
0.543619928471,873,817,49.669312818,20.5643257318
0.658732233428,873,936,51.3717689006,23.9469818654
0.996193257133,874,867,60.5457085103,12.7923087709
0.328200068136,874,991,51.3046665531,20.7103458602
0.744548380194,87,322,58.0241952272,16.0855269584
0.464003961829,87,423,61.9663813155,21.2378738578
0.930269380748,883,1068,59.5045807149,15.305460614
0.835415576745,883,852,50.758445326,23.8698769044
0.885043963277,886,1222,56.321780526,19.6832992664
0.923262275261,886,1233,55.9002505187,21.2779905567
0.845782754157,887,1027,68.1712923051,17.1462889723
0.236724722828,887,1189,66.3700449749,19.7489091843
0.739820957144,887,820,56.9837267285,22.0107591244
0.315238211212,887,887,44.0143421639,22.9246736026
0.989381763257,887,989,62.2035638076,20.3966298289
0.133524121309,888,1213,53.4607503667,20.6716194642
0.99809102389,888,804,64.3278608548,20.3055035764
0.912681747362,888,923,58.0115311917,23.6214622062
0.819142212447,895,1016,57.4510373311,18.2134653784
0.398597401377,895,1229,46.0874403261,20.8961174508
0.967689971043,895,774,52.0947747614,21.3332110235
0.999823295328,895,973,50.7003996328,21.0194890523
0.935947221783,89,120,54.2576204968,19.632110887
0.619680160264,89,311,57.3355487154,22.1292280338
0.654129723847,8,243,54.9516381624,26.3598253929
0.441545020745,900,1082,61.2476104168,23.903361267
0.960523347571,900,1101,65.9752922807,20.0333429782
0.500720464008,900,809,68.0161766672,27.5660700495
0.485372525594,900,967,65.4058499779,20.402175254
0.967903218332,901,1157,59.1285076934,24.0037014491
0.675277435321,901,1232,55.9459397438,28.4350490113
0.879027258414,901,937,49.9311540435,19.7342606083
0.420665498583,903,1128,47.3145701451,21.5634317403
0.840612815886,903,777,58.8212951034,20.2657003262
0.855370507871,906,1113,67.4875942885,19.9595660053
0.9821737026,909,1139,52.8062416424,22.2140523979
0.837239744759,909,817,55.6324693095,15.1334775973
0.922612551705,909,827,62.2506898518,14.3204717184
0.799978152789,915,1170,59.6675916737,18.8228658022
0.53536486578,915,121,59.5521331339,21.7164673829
0.944305507678,918,1141,68.1553641548,24.4888094121
0.92733890507,920,867,54.2630965022,19.8941646226
0.993076272025,920,973,50.868472435,12.4419148633
0.972087807557,921,799,58.949846974,14.2641191395
0.825487522541,921,806,45.1624812616,20.7376406625
0.994775839664,921,813,57.0144157566,19.8898321521
0.500485006236,921,927,54.9073884178,23.9486010756
0.565446750774,923,101,64.0019406419,23.8491100451
0.547420153574,923,1066,54.6789651624,20.4358406234
0.984045341481,923,888,51.5487396242,19.6395046743
0.614222210064,923,923,60.4821239739,26.7298857754
0.945538519789,927,1135,54.1847114198,20.6586447614
0.931513505134,927,921,58.5436689559,21.3672466832
0.343277989472,927,959,56.7784047044,24.221931331
0.871090144485,929,414,60.7338756425,16.8522175725
0.998328078682,929,842,57.6902972391,20.9200665813
0.950996869597,932,843,64.413150392,25.2087198117
0.665969011896,936,791,55.4120531405,19.9908064957
0.672347542904,936,838,55.4091842758,16.2898549986
0.605493471937,936,873,55.5996540492,27.4357900309
0.960766812187,937,1061,69.6246903628,16.2354254126
0.883936690863,937,796,48.52999099,20.3020455682
0.861721731871,937,901,60.90267113,22.8350341165
0.915433982673,937,988,44.8595622793,18.0717054645
0.966253424119,942,1056,54.691707062,23.9983959934
0.98425974081,942,830,63.6688149559,18.5582423722
0.451420398739,955,1135,45.4818038648,17.7313387264
0.475145897452,955,813,56.3734949274,21.9717917789
0.99533456719,955,844,58.0234991517,20.560875008
0.855869532574,959,1170,60.0090176151,24.0800469575
0.291013151087,959,1213,49.2707506782,22.085446918
0.260305473662,959,806,47.0988677219,22.6293656739
0.988113912066,959,927,54.7887754363,19.5521875951
0.925814895496,95,240,65.4192927077,27.246181079
0.483742077702,95,448,39.9538776088,17.5572518806
0.389407848452,960,1133,66.5521891787,30.6109970926
0.509264329736,960,821,55.7255101335,22.8185040306
0.506139269686,963,778,62.113365385,25.416895562
0.535404463979,963,963,39.9447039429,25.0663096333
0.957784092266,963,994,56.5885793726,20.995157188
0.682703077782,967,1127,58.7657395207,20.6611738878
0.719032025496,967,1154,68.7649736632,23.8511437383
0.882529832721,967,900,56.5792785334,17.3354731998
0.901576620001,970,1069,56.8102961803,22.743031199
0.898774528168,970,774,53.5904598461,21.4881069246
0.773361028998,970,820,49.3539232359,18.0039666598
0.926582115835,973,1191,58.1518276619,23.0119398288
0.874271038816,973,895,57.7160302457,22.7428603802
0.719332446714,974,1062,64.0706432192,24.1644772613
0.602289146006,974,833,65.0625312921,16.8509967548
0.615156859086,974,991,52.5589173738,20.7214632746
0.999923484479,97,372,59.1329481177,9.84613302193
0.990446741722,97,413,63.1877998024,11.7655323928
0.406605801785,982,1009,69.4645277768,23.3061289116
0.768051534178,982,1135,56.471063797,22.2906652727
0.18230285782,982,804,51.1739325333,23.6342897063
0.562516409887,986,1218,55.1975867213,19.4789818828
0.996722694424,986,774,61.2764544062,20.2157427698
0.650580908674,986,869,58.1402437593,12.6834639188
0.317351627066,987,1036,64.4224417277,23.8580009322
0.538467399968,987,1073,62.8106706597,20.1409732988
0.368397838246,987,1189,65.1390375056,19.4605060581
0.754984228552,987,1229,57.5252201996,21.8299671041
0.911241772718,987,987,37.486498353,24.1544594325
0.999346789378,988,1127,51.7673583747,18.9791748217
0.927055059759,988,777,54.4094009205,19.7987707684
0.850356650619,988,796,50.0893101699,23.7919327705
0.776368152025,988,937,51.6632282984,24.9424837674
0.651318753784,989,1036,40.0208787326,16.9176929211
0.954674775917,989,1115,49.9856760272,13.6966692042
0.991711239939,989,1230,63.0464645082,17.6157716295
0.655686050404,989,887,42.6427816749,31.9154081026
0.885953209068,991,814,61.8933542638,20.4538679431
0.975954507507,991,874,56.0487305214,18.513005284
0.83417874312,991,974,63.9509671243,17.3726054931
0.965534618464,994,1162,53.2131703845,22.9279424141
0.560562045128,994,814,55.9660135542,26.4770702397
0.500011324127,994,963,63.0108459207,21.0600179983
0.371402270535,999,932,45.9053583475,27.0483872525
0.795834635876,99,1345,42.5829835011,15.6852519697
0.988902509471,99,172,60.5001773465,16.9754468682
0.664024407334,99,451,51.572172993,20.8603203811
